,id,retweet_count,favorite_count,retweeted,language
0,892420643555336193,7197,34571,False,en
1,892177421306343426,5404,29973,False,en
2,891815181378084864,3569,22549,False,en
3,891689557279858688,7424,37820,False,en
4,891327558926688256,7960,36114,False,en
5,891087950875897856,2676,18210,False,en
6,890971913173991426,1719,10610,False,en
7,890729181411237888,16198,58186,False,en
8,890609185150312448,3717,25083,False,en
9,890240255349198849,6257,28605,False,en
10,890006608113172480,6305,27625,False,en
11,889880896479866881,4281,25114,False,en
12,889665388333682689,8574,43023,False,en
13,889638837579907072,3829,24207,False,en
14,889531135344209921,1927,13636,False,en
15,889278841981685760,4565,22607,False,en
16,888917238123831296,3841,26203,False,en
17,888804989199671297,3634,22965,False,en
18,888554962724278272,2958,17717,False,en
19,888078434458587136,2976,19578,False,en
20,887705289381826560,4648,27226,False,en
21,887517139158093824,10089,41674,False,en
22,887473957103951883,15412,61604,False,en
23,887343217045368832,9034,30240,False,en
24,887101392804085760,5108,27573,False,en
25,886983233522544640,6525,31100,False,en
26,886736880519319552,2717,10730,False,en
27,886680336477933568,3835,20197,False,en
28,886366144734445568,2704,18974,False,en
29,886267009285017600,3,104,False,en
30,886258384151887873,5416,25126,False,en
31,886054160059072513,96,0,False,und
32,885984800019947520,5758,29264,False,en
33,885528943205470208,5486,32306,False,en
34,885518971528720385,3193,18407,False,en
35,885311592912609280,15847,0,False,en
36,885167619883638784,3756,19656,False,en
37,884925521741709313,15443,68939,False,en
38,884876753390489601,4788,24961,False,en
39,884562892145688576,4019,21823,False,en
40,884441805382717440,4901,24403,False,en
41,884247878851493888,17380,64882,False,en
42,884162670584377345,2553,18349,False,en
43,883838122936631299,2937,19629,False,en
44,883482846933004288,8490,41151,False,en
45,883360690899218434,3161,20398,False,en
46,883117836046086144,5676,33290,False,en
47,882992080364220416,3318,21451,False,en
48,882762694511734784,4205,25349,False,en
49,882627270321602560,5204,25178,False,en
50,882268110199369728,9930,40138,False,en
51,882045870035918850,4182,26359,False,en
52,881906580714921986,2920,21919,False,en
53,881666595344535552,9192,45569,False,en
54,881633300179243008,8,113,False,en
55,881536004380872706,13753,44449,False,en
56,881268444196462592,4583,20960,False,en
57,880935762899988482,2397,15386,False,en
58,880872448815771648,3281,19155,False,en
59,880465832366813184,5338,25539,False,en
60,880221127280381952,3572,24232,False,en
61,880095782870896641,3741,24858,False,en
62,879862464715927552,2996,20163,False,en
63,879674319642796034,9,284,False,en
64,879492040517615616,2711,21174,False,en
65,879415818425184262,38433,94996,False,en
66,879376492567855104,2700,15175,False,en
67,879130579576475649,5882,0,False,en
68,879050749262655488,4051,20268,False,en
69,879008229531029506,2306,17146,False,en
70,878776093423087618,3524,17500,False,en
71,878604707211726852,6071,27013,False,en
72,878404777348136964,1099,0,False,en
73,878316110768087041,5686,0,False,en
74,878281511006478336,1099,6949,False,en
75,878057613040115712,5882,37944,False,en
76,877736472329191424,16250,71023,False,en
77,877611172832227328,70,0,False,en
78,877556246731214848,3259,20423,False,en
79,877316821321428993,4470,24721,False,en
80,877201837425926144,4767,24387,False,en
81,876838120628539392,2870,18639,False,en
82,876537666061221889,4077,21481,False,en
83,876484053909872640,2049,16940,False,en
84,876120275196170240,4013,25226,False,en
85,875747767867523072,3679,22673,False,en
86,875144289856114688,4237,19807,False,en
87,875097192612077568,5257,24787,False,en
88,875021211251597312,4081,23054,False,en
89,874680097055178752,4019,25144,False,en
90,874434818259525634,12550,0,False,en
91,874296783580663808,3576,23532,False,en
92,874057562936811520,3466,20580,False,en
93,874012996292530176,8802,30813,False,en
94,873580283840344065,3415,21913,False,en
95,873337748698140672,1360,0,False,en
96,873213775632977920,1360,6463,False,en
97,872967104147763200,4673,24614,False,en
98,872820683541237760,3238,13355,False,en
99,872620804844003328,3145,18781,False,en
100,872486979161796608,7909,36917,False,en
101,872122724285648897,7027,30954,False,en
102,871879754684805121,9478,33876,False,en
103,871762521631449091,3040,18304,False,en
104,871515927908634625,3020,18283,False,en
105,871166179821445120,5005,0,False,en
106,871102520638267392,4812,18965,False,en
107,871032628920680449,3308,20610,False,en
108,870804317367881728,5400,30484,False,en
109,870726314365509632,3,109,False,en
110,870656317836468226,2264,11134,False,en
111,870374049280663552,23346,75632,False,en
112,870308999962521604,3633,19913,False,en
113,870063196459192321,7251,33129,False,en
114,869772420881756160,8904,38780,False,en
115,869702957897576449,5511,25599,False,en
116,869596645499047938,2705,14520,False,en
117,869227993411051520,3289,18548,False,en
118,868880397819494401,12595,59301,False,en
119,868639477480148993,1796,0,False,en
120,868622495443632128,4606,24180,False,en
121,868552278524837888,1796,9184,False,en
122,867900495410671616,3665,22062,False,en
123,867774946302451713,6416,30923,False,en
124,867421006826221569,2178,14652,False,en
125,867072653475098625,106,0,False,en
126,867051520902168576,6946,29347,False,en
127,866720684873056260,4225,18230,False,en
128,866686824827068416,3037,17523,False,en
129,866450705531457537,31074,111337,False,en
130,866334964761202691,12550,47672,False,en
131,866094527597207552,7359,0,False,en
132,865718153858494464,4979,23481,False,en
133,865359393868664832,4406,24149,False,en
134,865006731092295680,6822,25624,False,en
135,864873206498414592,7677,29440,False,en
136,864279568663928832,2645,13353,False,en
137,864197398364647424,7780,27292,False,en
138,863907417377173506,3679,18879,False,en
139,863553081350529029,3726,13964,False,en
140,863471782782697472,2136,0,False,en
141,863432100342583297,4671,21822,False,en
142,863427515083354112,82,2003,False,en
143,863079547188785154,986,8059,False,en
144,863062471531167744,2136,7702,False,en
145,862831371563274240,4574,17580,False,en
146,862722525377298433,3168,15680,False,en
147,862457590147678208,4358,18682,False,en
148,862096992088072192,20528,67860,False,en
149,861383897657036800,9534,33065,False,en
150,861288531465048066,3683,15733,False,en
151,861005113778896900,3412,15350,False,en
152,860981674716409858,1900,0,False,en
153,860924035999428608,694,0,False,en
154,860563773140209665,1900,6882,False,en
155,860524505164394496,4730,21756,False,en
156,860276583193509888,3146,16973,False,en
157,860184849394610176,5234,15321,False,en
158,860177593139703809,27535,0,False,in
159,859924526012018688,3676,18064,False,en
160,859851578198683649,3158,14278,False,en
161,859607811541651456,1388,17218,False,en
162,859196978902773760,26993,82529,False,en
163,859074603037188101,12267,31123,False,en
164,858860390427611136,7285,0,False,en
165,858843525470990336,3109,14438,False,en
166,858471635011153920,4382,19948,False,en
167,858107933456039936,2598,14578,False,en
168,857989990357356544,2316,14844,False,en
169,857746408056729600,9586,31559,False,en
170,857393404942143489,1474,5436,False,en
171,857263160327368704,4078,18640,False,en
172,857214891891077121,16,207,False,en
173,857062103051644929,152,0,False,en
174,857029823797047296,3586,17451,False,en
175,856543823941562368,2614,15201,False,en
176,856526610513747968,1704,11073,False,en
177,856288084350160898,15,496,False,en
178,856282028240666624,5718,25819,False,en
179,855862651834028034,22,311,False,en
180,855860136149123072,877,4539,False,en
181,855857698524602368,1906,11085,False,en
182,855851453814013952,16518,42839,False,en
183,855818117272018944,4944,24810,False,en
184,855459453768019968,7478,27724,False,en
185,855245323840757760,5416,0,False,en
186,855138241867124737,39,0,False,en
187,854732716440526848,5523,21213,False,en
188,854482394044301312,6193,27231,False,en
189,854365224396361728,4271,17610,False,en
190,854120357044912130,6799,29880,False,en
191,854010172552949760,2878,15196,False,en
192,853760880890318849,5262,26724,False,en
193,853639147608842240,9122,32332,False,en
194,853299958564483072,3251,14502,False,en
195,852936405516943360,1830,0,False,en
196,852912242202992640,1654,8451,False,en
197,852672615818899456,1989,13997,False,en
198,852553447878664193,3204,15257,False,en
199,852311364735569921,9116,31074,False,en
200,852226086759018497,6264,18757,False,en
201,852189679701164033,1456,10795,False,en
202,851861385021730816,19,0,False,en
203,851591660324737024,3216,15318,False,en
204,851464819735769094,6499,22824,False,en
205,851224888060895234,5304,19493,False,en
206,850753642995093505,8335,28872,False,en
207,850380195714523136,2400,12362,False,en
208,850333567704068097,306,3269,False,en
209,850145622816686080,3490,15382,False,en
210,850019790995546112,4500,19236,False,en
211,849776966551130114,7013,28621,False,en
212,849668094696017920,4579,0,False,en
213,849412302885593088,2912,15006,False,en
214,849336543269576704,1735,10801,False,en
215,849051919805034497,7850,39981,False,en
216,848690551926992896,4015,23850,False,en
217,848324959059550208,4287,23395,False,en
218,848213670039564288,669,7732,False,en
219,848212111729840128,2801,15412,False,en
220,847978865427394560,3020,0,False,en
221,847971574464610304,410,0,False,en
222,847962785489326080,4716,22271,False,en
223,847842811428974592,1219,5132,False,en
224,847617282490613760,383,6634,False,en
225,847606175596138505,3175,17794,False,en
226,847251039262605312,4031,19453,False,en
227,847157206088847362,5396,18815,False,en
228,847116187444137987,2955,20348,False,en
229,846874817362120707,3647,19056,False,en
230,846514051647705089,10708,42190,False,en
231,846505985330044928,2850,13404,False,en
232,846153765933735936,8419,29875,False,en
233,846139713627017216,9407,29461,False,en
234,846042936437604353,2664,15172,False,en
235,845812042753855489,8083,27747,False,en
236,845677943972139009,4497,23979,False,en
237,845397057150107648,1658,7274,False,en
238,845306882940190720,5017,22155,False,en
239,845098359547420673,7132,0,False,en
240,844979544864018432,2373,12965,False,en
241,844973813909606400,2948,14285,False,en
242,844580511645339650,2894,15638,False,en
243,844223788422217728,2043,13012,False,en
244,843981021012017153,2770,14462,False,en
245,843856843873095681,4301,20442,False,en
246,843604394117681152,2556,16096,False,en
247,843235543001513987,5584,20472,False,en
248,842846295480000512,3411,14577,False,en
249,842765311967449089,1196,6435,False,en
250,842535590457499648,3277,17314,False,en
251,842163532590374912,5416,23315,False,en
252,842115215311396866,2837,13331,False,en
253,841833993020538882,14006,0,False,en
254,841680585030541313,7354,24618,False,en
255,841439858740625411,3417,12038,False,en
256,841320156043304961,5172,18898,False,en
257,841314665196081154,4354,15114,False,en
258,841077006473256960,5005,21846,False,en
259,840761248237133825,1652,0,False,en
260,840728873075638272,15026,0,False,en
261,840698636975636481,2,170,False,en
262,840696689258311684,907,11745,False,en
263,840632337062862849,1652,8613,False,en
264,840370681858686976,4288,15721,False,en
265,840268004936019968,5380,18368,False,en
266,839990271299457024,2125,12845,False,en
267,839549326359670784,7285,26197,False,en
268,839290600511926273,137,0,False,en
269,839239871831150596,6099,25868,False,en
270,838952994649550848,3760,18819,False,en
271,838921590096166913,1920,10663,False,en
272,838916489579200512,31,0,False,en
273,838831947270979586,10351,0,False,en
274,838561493054533637,1257,10506,False,en
275,838476387338051585,4467,21511,False,en
276,838201503651401729,9448,0,False,en
277,838150277551247360,313,1598,False,und
278,838085839343206401,1,134,False,en
279,838083903487373313,2921,16894,False,en
280,837820167694528512,7359,32605,False,en
281,837482249356513284,418,3701,False,en
282,837471256429613056,2121,12275,False,en
283,837110210464448512,2233,15424,False,en
284,836989968035819520,2172,12246,False,en
285,836753516572119041,4368,18563,False,en
286,836677758902222849,2087,12121,False,en
287,836648853927522308,520,0,False,en
288,836397794269200385,25862,0,False,en
289,836380477523124226,2820,14199,False,en
290,836260088725786625,4094,20446,False,en
291,836001077879255040,4018,18330,False,en
292,835685285446955009,7667,0,False,en
293,835574547218894849,3398,17076,False,en
294,835536468978302976,1587,0,False,en
295,835309094223372289,19736,0,False,en
296,835297930240217089,2826,15821,False,en
297,835264098648616962,1587,7410,False,en
298,835246439529840640,67,2023,False,en
299,835172783151792128,5420,25142,False,en
300,835152434251116546,2834,21471,False,en
301,834931633769889797,1523,10350,False,en
302,834786237630337024,5224,20661,False,en
303,834574053763584002,2369,13102,False,en
304,834477809192075265,10056,0,False,en
305,834458053273591808,1584,9239,False,en
306,834209720923721728,4471,19713,False,en
307,834167344700198914,3469,15207,False,en
308,834089966724603904,2018,9647,False,en
309,834086379323871233,2084,12537,False,en
310,833863086058651648,2268,12929,False,en
311,833826103416520705,3569,17464,False,en
312,833732339549220864,209,0,False,en
313,833722901757046785,3072,20110,False,en
314,833479644947025920,1935,14329,False,en
315,833124694597443584,4579,19454,False,en
316,832998151111966721,2073,12732,False,en
317,832769181346996225,38,0,False,en
318,832757312314028032,3420,16225,False,en
319,832682457690300417,2751,11417,False,en
320,832645525019123713,502,2812,False,en
321,832636094638288896,2633,15279,False,en
322,832397543355072512,2094,11511,False,en
323,832369877331693569,3020,16510,False,en
324,832273440279240704,2215,10917,False,en
325,832215909146226688,5889,0,False,en
326,832215726631055365,8820,0,False,en
327,832088576586297345,2,61,False,en
328,832040443403784192,9087,0,False,en
329,832032802820481025,4418,17174,False,en
330,831939777352105988,5817,23052,False,en
331,831926988323639298,34,324,False,en
332,831911600680497154,6149,26476,False,en
333,831670449226514432,1726,10030,False,en
334,831650051525054464,1830,6856,False,en
335,831552930092285952,2215,8652,False,en
336,831322785565769729,1483,8956,False,en
337,831315979191906304,1060,6300,False,en
338,831309418084069378,2334,11354,False,en
339,831262627380748289,1952,11447,False,en
340,830956169170665475,1416,7693,False,en
341,830583320585068544,15847,64112,False,en
342,830173239259324417,5382,0,False,en
343,830097400375152640,2777,9386,False,en
344,829878982036299777,4745,0,False,en
345,829861396166877184,1836,11806,False,en
346,829501995190984704,10056,30589,False,en
347,829449946868879360,1912,10106,False,en
348,829141528400556032,6962,23461,False,en
349,829011960981237760,15555,51438,False,en
350,828801551087042563,3250,0,False,en
351,828770345708580865,5560,24663,False,en
352,828708714936930305,10638,35146,False,en
353,828650029636317184,1276,9178,False,en
354,828409743546925057,1105,6145,False,en
355,828408677031882754,1224,7422,False,en
356,828381636999917570,2120,12161,False,en
357,828376505180889089,1017,7135,False,en
358,828372645993398273,2782,12160,False,en
359,828361771580813312,169,2106,False,en
360,828046555563323392,2729,11325,False,en
361,828011680017821696,2048,10006,False,en
362,827933404142436356,4974,19319,False,en
363,827653905312006145,2875,14948,False,en
364,827600520311402496,886,7225,False,en
365,827324948884643840,2875,15294,False,en
366,827199976799354881,2116,10218,False,en
367,826958653328592898,4745,20823,False,en
368,826848821049180160,9621,34863,False,en
369,826615380357632002,3782,0,False,en
370,826598799820865537,235,4960,False,en
371,826598365270007810,2230,9664,False,en
372,826476773533745153,3999,17742,False,en
373,826240494070030336,2477,12816,False,en
374,826204788643753985,875,4714,False,en
375,826115272272650244,2953,15091,False,en
376,825876512159186944,1777,10130,False,en
377,825829644528148480,2394,12318,False,en
378,825535076884762624,16788,55186,False,en
379,825147591692263424,4309,17667,False,en
380,825120256414846976,1188,0,False,en
381,825026590719483904,1188,6046,False,en
382,824796380199809024,5246,0,False,en
383,824775126675836928,3345,14412,False,en
384,824663926340194305,1685,10157,False,en
385,824325613288833024,10140,11428,False,en
386,824297048279236611,3671,14551,False,en
387,824025158776213504,573,4679,False,en
388,823939628516474880,2601,10289,False,en
389,823719002937630720,10646,0,False,en
390,823699002998870016,2401,13514,False,en
391,823581115634085888,2503,12573,False,en
392,823333489516937216,22,680,False,und
393,823322678127919110,3824,15181,False,en
394,823269594223824897,9444,0,False,en
395,822975315408461824,3291,16767,False,en
396,822872901745569793,41098,126982,False,en
397,822859134160621569,2171,12782,False,en
398,822647212903690241,6107,0,False,en
399,822610361945911296,2803,14311,False,en
400,822489057087389700,6107,17522,False,en
401,822462944365645825,13555,26929,False,en
402,822244816520155136,9444,33814,False,en
403,822163064745328640,4520,0,False,en
404,821886076407029760,2200,10926,False,en
405,821813639212650496,3202,0,False,en
406,821765923262631936,1594,8121,False,en
407,821522889702862852,1665,7758,False,en
408,821421320206483457,5302,0,False,en
409,821407182352777218,4111,11344,False,en
410,821153421864615936,9,241,False,en
411,821149554670182400,1869,8316,False,en
412,821107785811234820,2036,9282,False,en
413,821044531881721856,2178,12255,False,en
414,820837357901512704,6413,0,False,en
415,820749716845686786,9448,30555,False,en
416,820690176645140481,3077,11837,False,en
417,820494788566847489,539,0,False,en
418,820446719150292993,2453,0,False,en
419,820314633777061888,539,3246,False,en
420,820078625395449857,5979,19128,False,en
421,820013781606658049,1120,0,False,en
422,819952236453363712,1120,5142,False,en
423,819924195358416896,4664,12531,False,en
424,819711362133872643,2968,12943,False,en
425,819588359383371776,1913,9362,False,en
426,819347104292290561,1152,6999,False,en
427,819238181065359361,391,2187,False,en
428,819227688460238848,6413,22284,False,en
429,819015337530290176,35464,0,False,en
430,819015331746349057,18236,0,False,en
431,819006400881917954,18236,43970,False,en
432,819004803107983360,35464,84530,False,en
433,818646164899774465,19996,0,False,en
434,818627210458333184,7245,21708,False,en
435,818614493328580609,2419,9529,False,en
436,818588835076603904,5833,0,False,en
437,818536468981415936,2339,10511,False,en
438,818307523543449600,7692,0,False,en
439,818259473185828864,2148,10657,False,en
440,818145370475810820,2437,11883,False,en
441,817908911860748288,759,4701,False,en
442,817827839487737858,25862,49801,False,en
443,817777686764523521,2576,10453,False,en
444,817536400337801217,2813,11399,False,en
445,817502432452313088,3236,0,False,en
446,817423860136083457,14006,32647,False,en
447,817415592588222464,914,5420,False,en
448,817181837579653120,8087,0,False,en
449,817171292965273600,1934,8494,False,en
450,817120970343411712,2489,11808,False,en
451,817056546584727552,1575,8332,False,en
452,816829038950027264,4508,0,False,en
453,816816676327063552,1946,9700,False,en
454,816697700272001025,2103,9478,False,en
455,816450570814898180,7692,29386,False,en
456,816336735214911488,1857,8345,False,en
457,816091915477250048,2045,8667,False,en
458,816062466425819140,972,0,False,en
459,816014286006976512,5023,0,False,en
460,815990720817401858,972,4791,False,en
461,815966073409433600,8087,21678,False,en
462,815745968457060357,3966,0,False,en
463,815736392542261248,2176,9547,False,en
464,815639385530101762,1584,7984,False,en
465,815390420867969024,3661,10044,False,en
466,814986499976527872,1220,7425,False,en
467,814638523311648768,2587,10954,False,en
468,814578408554463233,5608,0,False,en
469,814530161257443328,1779,8376,False,en
470,814153002265309185,8312,27904,False,en
471,813944609378369540,3048,0,False,en
472,813910438903693312,1785,9046,False,en
473,813812741911748608,13409,35386,False,en
474,813800681631023104,1693,8074,False,en
475,813217897535406080,7011,18077,False,en
476,813202720496779264,1751,8978,False,en
477,813187593374461952,4173,19282,False,en
478,813172488309972993,1851,9012,False,en
479,813157409116065792,2109,7543,False,en
480,813142292504645637,2301,8266,False,en
481,813130366689148928,428,4370,False,en
482,813127251579564032,2990,11473,False,en
483,813112105746448384,2631,10012,False,en
484,813096984823349248,3479,10265,False,en
485,813081950185472002,2668,9632,False,en
486,813066809284972545,1880,7715,False,en
487,813051746834595840,7053,20381,False,en
488,812781120811126785,1827,7322,False,en
489,812709060537683968,1386,6452,False,en
490,812503143955202048,1179,5891,False,en
491,812466873996607488,1840,7753,False,en
492,812372279581671427,3520,13251,False,en
493,811985624773361665,1348,7072,False,en
494,811744202451197953,1531,7341,False,en
495,811647686436880384,708,5450,False,en
496,811627233043480576,2944,12372,False,en
497,811386762094317568,6136,20330,False,en
498,810984652412424192,1370,5168,False,en
499,810896069567610880,1688,8752,False,en
500,810657578271330305,2529,10655,False,en
501,810284430598270976,10793,34175,False,en
502,810254108431155201,3250,14300,False,en
503,809920764300447744,3782,15128,False,en
504,809808892968534016,4702,0,False,en
505,809448704142938112,1410,6757,False,en
506,809220051211603969,5382,19336,False,en
507,809084759137812480,3404,12861,False,en
508,808838249661788160,2933,9861,False,en
509,808733504066486276,2082,7686,False,en
510,808501579447930884,2504,11016,False,en
511,808344865868283904,19996,41195,False,en
512,808134635716833280,5668,0,False,en
513,808106460588765185,2128,8579,False,en
514,808001312164028416,3400,12182,False,en
515,807621403335917568,3480,14191,False,en
516,807106840509214720,53152,114538,False,en
517,807059379405148160,7066,0,False,en
518,807010152071229440,3726,12778,False,en
519,806629075125202948,33263,72385,False,en
520,806620845233815552,5304,0,False,en
521,806576416489959424,1884,4760,False,en
522,806542213899489280,2278,9947,False,en
523,806242860592926720,11173,0,False,en
524,806219024703037440,1158,6290,False,en
525,805958939288408065,5151,0,False,en
526,805932879469572096,1854,8092,False,en
527,805826884734976000,1754,6397,False,en
528,805823200554876929,7712,0,False,en
529,805520635690676224,1600,5607,False,en
530,805487436403003392,2439,8568,False,en
531,805207613751304193,1667,7648,False,en
532,804738756058218496,3691,13308,False,en
533,804475857670639616,1948,5978,False,en
534,804413760345620481,3101,0,False,en
535,804026241225523202,15492,43154,False,en
536,803773340896923648,2639,9782,False,en
537,803692223237865472,7155,0,False,en
538,803638050916102144,3999,10646,False,en
539,803380650405482500,1810,7556,False,en
540,803321560782307329,5104,0,False,en
541,803276597545603072,2363,9770,False,en
542,802952499103731712,1924,8797,False,en
543,802624713319034886,2802,0,False,en
544,802600418706604034,1407,6925,False,en
545,802572683846291456,2428,8728,False,en
546,802323869084381190,5638,15764,False,en
547,802265048156610565,1335,6766,False,en
548,802239329049477120,2526,8867,False,en
549,802185808107208704,263,0,False,en
550,801958328846974976,1652,7546,False,en
551,801854953262350336,228,1759,False,en
552,801538201127157760,2003,8015,False,en
553,801285448605831168,792,5889,False,en
554,801167903437357056,5668,23761,False,en
555,801127390143516673,3819,0,False,en
556,801115127852503040,2025,7851,False,en
557,800859414831898624,95,665,False,en
558,800855607700029440,1549,0,False,en
559,800751577355128832,2701,10319,False,en
560,800513324630806528,2891,12815,False,en
561,800459316964663297,2105,9255,False,en
562,800443802682937345,4152,0,False,en
563,800388270626521089,2692,10864,False,en
564,800188575492947969,3803,0,False,en
565,800141422401830912,2453,14865,False,en
566,800018252395122689,12644,27553,False,en
567,799774291445383169,4492,0,False,en
568,799757965289017345,2071,8164,False,en
569,799422933579902976,1850,7863,False,en
570,799308762079035393,5233,0,False,en
571,799297110730567681,2640,9609,False,en
572,799063482566066176,2397,7866,False,en
573,798933969379225600,4302,12721,False,en
574,798925684722855936,1393,7329,False,en
575,798705661114773508,6406,0,False,en
576,798701998996647937,7467,0,False,en
577,798697898615730177,6271,0,False,en
578,798694562394996736,4774,0,False,en
579,798686750113755136,2245,0,False,en
580,798682547630837760,4569,0,False,en
581,798673117451325440,5369,0,False,en
582,798665375516884993,3776,0,False,en
583,798644042770751489,1786,0,False,en
584,798628517273620480,1903,0,False,en
585,798585098161549313,5449,0,False,en
586,798576900688019456,5627,0,False,en
587,798340744599797760,3224,0,False,en
588,798209839306514432,2473,10159,False,en
589,797971864723324932,2992,11255,False,en
590,797545162159308800,4716,14186,False,en
591,797236660651966464,6333,19397,False,en
592,797165961484890113,26,220,False,en
593,796904159865868288,8611,0,False,en
594,796865951799083009,1877,7491,False,en
595,796759840936919040,2928,11483,False,en
596,796563435802726400,6954,0,False,en
597,796484825502875648,1691,7359,False,en
598,796387464403357696,4010,10715,False,en
599,796177847564038144,13733,0,False,en
600,796149749086875649,13733,31316,False,en
601,796125600683540480,1735,4847,False,und
602,796116448414461957,2319,8848,False,en
603,796080075804475393,2223,8222,False,en
604,796031486298386433,3596,10518,False,en
605,795464331001561088,22626,48014,False,en
606,795400264262053889,2760,9762,False,en
607,795076730285391872,5246,15749,False,en
608,794983741416415232,3239,0,False,en
609,794926597468000259,2218,9940,False,en
610,794355576146903043,9917,0,False,en
611,794332329137291264,2594,9366,False,en
612,794205286408003585,3203,9001,False,en
613,793962221541933056,4702,16332,False,en
614,793845145112371200,1793,8983,False,en
615,793614319594401792,3017,0,False,en
616,793601777308463104,1559,7778,False,en
617,793500921481273345,2292,10386,False,en
618,793286476301799424,8820,23904,False,en
619,793271401113350145,2315,8471,False,en
620,793256262322548741,8042,19411,False,en
621,793241302385262592,3174,10224,False,en
622,793226087023144960,2787,9532,False,en
623,793210959003287553,2689,8677,False,en
624,793195938047070209,5419,14812,False,en
625,793180763617361921,1927,6735,False,en
626,793165685325201412,2694,9126,False,en
627,793150605191548928,1639,5983,False,en
628,793135492858580992,2423,6236,False,en
629,793120401413079041,3775,12303,False,en
630,792913359805018113,3820,13925,False,en
631,792883833364439040,4115,10988,False,en
632,792773781206999040,1627,7170,False,en
633,792394556390137856,4137,13047,False,en
634,792050063153438720,1714,6943,False,en
635,791821351946420224,20338,0,False,en
636,791784077045166082,9181,0,False,en
637,791780927877898241,3677,0,False,en
638,791774931465953280,21339,43765,False,en
639,791672322847637504,3017,11442,False,en
640,791406955684368384,3966,12797,False,en
641,791312159183634433,2438,8526,False,en
642,791026214425268224,3928,0,False,en
643,790987426131050500,2055,9539,False,en
644,790946055508652032,4508,16243,False,en
645,790723298204217344,2221,0,False,en
646,790698755171364864,1855,8001,False,en
647,790581949425475584,6851,20071,False,en
648,790337589677002753,1824,7619,False,en
649,790277117346975746,3048,12217,False,en
650,790227638568808452,3418,0,False,en
651,789986466051088384,2221,9012,False,en
652,789960241177853952,3949,0,False,en
653,789903600034189313,3980,10036,False,en
654,789628658055020548,1695,7273,False,en
655,789599242079838210,1852,6550,False,en
656,789530877013393408,3239,11398,False,en
657,789314372632018944,2197,8388,False,en
658,789280767834746880,4726,0,False,en
659,789268448748703744,2522,8872,False,en
660,789137962068021249,2677,9451,False,en
661,788908386943430656,12018,26689,False,en
662,788765914992902144,9917,26568,False,en
663,788552643979468800,6861,0,False,en
664,788412144018661376,5073,15091,False,en
665,788178268662984705,2022,7058,False,en
666,788150585577050112,1231,5946,False,en
667,788070120937619456,3302,0,False,en
668,788039637453406209,1268,5950,False,en
669,787810552592695296,2927,8361,False,en
670,787717603741622272,2665,9958,False,en
671,787397959788929025,2748,10588,False,en
672,787322443945877504,1669,7581,False,en
673,787111942498508800,6476,0,False,en
674,786963064373534720,7667,25897,False,en
675,786729988674449408,2337,0,False,en
676,786709082849828864,5889,17755,False,en
677,786664955043049472,2435,10268,False,en
678,786595970293370880,3017,9220,False,en
679,786363235746385920,3325,10542,False,en
680,786286427768250368,2719,7729,False,en
681,786233965241827333,4520,14785,False,en
682,786051337297522688,152,1388,False,en
683,786036967502913536,6695,0,False,en
684,785927819176054784,3074,11074,False,en
685,785872687017132033,1728,6508,False,en
686,785639753186217984,2152,7643,False,en
687,785533386513321988,1897,8808,False,en
688,785515384317313025,1201,5957,False,en
689,785264754247995392,1563,7056,False,en
690,785170936622350336,4631,11653,False,en
691,784826020293709826,3101,9792,False,en
692,784517518371221505,2420,8700,False,en
693,784431430411685888,1226,5564,False,en
694,784183165795655680,7712,19427,False,en
695,784057939640352768,10646,28827,False,en
696,783839966405230592,10351,29032,False,en
697,783821107061198850,1881,7146,False,en
698,783695101801398276,3079,10137,False,en
699,783466772167098368,2145,8188,False,en
700,783391753726550016,5229,16381,False,en
701,783347506784731136,5309,0,False,en
702,783334639985389568,11173,28190,False,en
703,783085703974514689,2092,7903,False,en
704,782969140009107456,7066,23396,False,en
705,782747134529531904,1355,7243,False,en
706,782722598790725632,5151,16708,False,en
707,782598640137187329,1805,7562,False,en
708,782305867769217024,5302,16107,False,en
709,782021823840026624,5930,0,False,en
710,781955203444699136,3212,10814,False,en
711,781661882474196992,2593,10121,False,en
712,781655249211752448,1086,3872,False,en
713,781524693396357120,5304,20088,False,en
714,781308096455073793,2450,6912,False,en
715,781251288990355457,1985,8125,False,en
716,781163403222056960,2636,9498,False,en
717,780931614150983680,6954,20967,False,en
718,780858289093574656,1922,6960,False,en
719,780800785462489090,1239,5308,False,en
720,780601303617732608,3202,11711,False,en
721,780543529827336192,1672,6103,False,en
722,780496263422808064,3517,0,False,en
723,780476555013349377,108,0,False,en
724,780459368902959104,1026,5118,False,en
725,780192070812196864,2148,8429,False,en
726,780092040432480260,2202,0,False,en
727,780074436359819264,4719,11709,False,en
728,779834332596887552,6695,18219,False,en
729,779377524342161408,2970,8470,False,en
730,779124354206535695,17458,0,False,en
731,779056095788752897,4333,14268,False,en
732,778990705243029504,6841,19260,False,en
733,778774459159379968,9419,0,False,en
734,778764940568104960,347,835,False,en
735,778748913645780993,1247,6642,False,en
736,778650543019483137,1426,5561,False,en
737,778624900596654080,967,4452,False,en
738,778408200802557953,4119,13162,False,en
739,778396591732486144,11648,0,False,en
740,778383385161035776,1046,5632,False,en
741,778286810187399168,3158,10014,False,en
742,778039087836069888,2526,8188,False,en
743,778027034220126208,1532,6350,False,en
744,777953400541634568,3358,0,False,en
745,777885040357281792,1558,6143,False,en
746,777684233540206592,2802,10855,False,en
747,777641927919427584,4033,0,False,en
748,777621514455814149,2397,8441,False,en
749,777189768882946048,4111,13711,False,en
750,776819012571455488,13019,0,False,en
751,776813020089548800,1144,4713,False,en
752,776477788987613185,2637,8483,False,en
753,776249906839351296,8692,0,False,en
754,776218204058357768,15111,28767,False,en
755,776201521193218049,2402,9229,False,en
756,776113305656188928,4152,11383,False,en
757,776088319444877312,145,1766,False,en
758,775898661951791106,15970,0,False,en
759,775842724423557120,2533,11306,False,en
760,775733305207554048,3819,13397,False,en
761,775729183532220416,4398,12547,False,en
762,775364825476165632,2817,7127,False,en
763,775350846108426240,3722,9810,False,en
764,775085132600442880,4492,14993,False,en
765,774757898236878852,1698,8324,False,en
766,774639387460112384,1650,6506,False,en
767,774314403806253056,5233,21010,False,en
768,773985732834758656,3684,10379,False,en
769,773922284943896577,1666,6189,False,en
770,773704687002451968,1540,6380,False,en
771,773670353721753600,1255,5171,False,en
772,773547596996571136,5833,21305,False,en
773,773336787167145985,4821,0,False,en
774,773308824254029826,7132,22527,False,en
775,773247561583001600,3101,9130,False,en
776,773191612633579521,3936,9633,False,en
777,772877495989305348,3686,8259,False,en
778,772826264096874500,2260,7750,False,en
779,772615324260794368,3218,0,False,en
780,772581559778025472,1628,6270,False,en
781,772193107915964416,1320,5795,False,en
782,772152991789019136,1086,3679,False,en
783,772117678702071809,701,3624,False,en
784,772114945936949249,450,2635,False,en
785,772102971039580160,893,3851,False,en
786,771908950375665664,1799,6327,False,en
787,771770456517009408,3224,11556,False,en
788,771500966810099713,2490,7984,False,en
789,771380798096281600,4821,10138,False,en
790,771171053431250945,7078,0,False,en
791,771136648247640064,2783,8816,False,en
792,771102124360998913,1370,5999,False,en
793,771014301343748096,1578,6647,False,en
794,770787852854652928,1146,4756,False,en
795,770772759874076672,1357,5002,False,en
796,770655142660169732,1707,7097,False,en
797,770414278348247044,1991,6099,False,en
798,770293558247038976,1395,5980,False,en
799,770093767776997377,2896,0,False,en
800,770069151037685760,2178,7314,False,en
801,769940425801170949,9087,30068,False,en
802,769695466921623552,1603,6193,False,en
803,769335591808995329,7347,0,False,en
804,769212283578875904,1639,5188,False,en
805,768970937022709760,6170,13736,False,en
806,768909767477751808,2533,0,False,en
807,768855141948723200,850,4032,False,en
808,768609597686943744,1132,3947,False,en
809,768596291618299904,1219,4853,False,en
810,768554158521745409,5530,0,False,en
811,768473857036525572,3249,13098,False,en
812,768193404517830656,3358,10467,False,en
813,767884188863397888,1297,4568,False,en
814,767754930266464257,5104,15385,False,en
815,767500508068192258,2215,7230,False,en
816,767191397493538821,3587,11831,False,en
817,767122157629476866,2722,9783,False,en
818,766793450729734144,1293,4854,False,en
819,766714921925144576,361,2511,False,en
820,766693177336135680,755,3871,False,en
821,766423258543644672,1497,5775,False,en
822,766313316352462849,1786,6519,False,en
823,766078092750233600,2490,0,False,en
824,766069199026450432,803,4050,False,en
825,766008592277377025,475,3619,False,en
826,765719909049503744,2051,6968,False,en
827,765669560888528897,1174,4986,False,en
828,765395769549590528,3214,25720,False,en
829,765371061932261376,2064,6816,False,en
830,765222098633691136,3218,11177,False,en
831,764857477905154048,1689,6221,False,en
832,764259802650378240,1433,5781,False,en
833,763956972077010945,51,742,False,en
834,763837565564780549,3928,12055,False,en
835,763183847194451968,1398,5167,False,en
836,763167063695355904,2847,0,False,en
837,763103485927849985,2190,7093,False,en
838,762699858130116608,3418,11650,False,en
839,762471784394268675,6081,10769,False,en
840,762464539388485633,3949,9903,False,en
841,762316489655476224,1058,4606,False,en
842,762035686371364864,14711,30496,False,en
843,761976711479193600,1889,5189,False,en
844,761750502866649088,3707,0,False,en
845,761745352076779520,823,4121,False,en
846,761672994376806400,27535,47388,False,in
847,761599872357261312,1122,3969,False,en
848,761371037149827077,17164,0,False,en
849,761334018830917632,1378,4965,False,en
850,761292947749015552,1033,4309,False,en
851,761227390836215808,1490,5121,False,en
852,761004547850530816,3302,10902,False,en
853,760893934457552897,918,3666,False,en
854,760656994973933572,1800,6320,False,en
855,760641137271070720,1221,4796,False,en
856,760539183865880579,3438,7251,False,en
857,760521673607086080,1321,4026,False,en
858,760290219849637889,10870,25700,False,en
859,760252756032651264,816,3788,False,en
860,760190180481531904,1698,5469,False,en
861,760153949710192640,30,0,False,en
862,759943073749200896,1977,5699,False,en
863,759846353224826880,1868,6457,False,en
864,759793422261743616,1808,5722,False,en
865,759557299618865152,1138,4495,False,en
866,759447681597108224,2337,8154,False,en
867,759446261539934208,464,1605,False,en
868,759197388317847553,1842,5830,False,en
869,759159934323924993,1102,0,False,en
870,759099523532779520,3931,13931,False,en
871,759047813560868866,1904,6211,False,en
872,758854675097526272,861,3404,False,en
873,758828659922702336,3658,10741,False,en
874,758740312047005698,1534,5495,False,en
875,758474966123810816,941,3642,False,en
876,758467244762497024,2088,4601,False,en
877,758405701903519748,1809,4995,False,en
878,758355060040593408,1001,3237,False,en
879,758099635764359168,9419,18187,False,en
880,758041019896193024,351,2595,False,en
881,757741869644341248,3099,6586,False,en
882,757729163776290825,7439,0,False,en
883,757725642876129280,1144,4358,False,en
884,757611664640446465,1033,4390,False,en
885,757597904299253760,283,0,False,en
886,757596066325864448,991,4166,False,en
887,757400162377592832,6481,14490,False,en
888,757393109802180609,1629,5576,False,en
889,757354760399941633,1333,4321,False,en
890,756998049151549440,1887,6014,False,en
891,756939218950160384,1903,6367,False,en
892,756651752796094464,1229,4829,False,en
893,756526248105566208,3398,9962,False,en
894,756303284449767430,1042,3780,False,en
895,756288534030475264,16765,42212,False,en
896,756275833623502848,1447,6105,False,en
897,755955933503782912,2706,6993,False,en
898,755206590534418437,5050,15725,False,en
899,755110668769038337,10494,20277,False,en
900,754874841593970688,7464,0,False,en
901,754856583969079297,2366,6611,False,en
902,754747087846248448,493,2474,False,en
903,754482103782404096,1841,5061,False,en
904,754449512966619136,693,3587,False,en
905,754120377874386944,2226,7558,False,en
906,753655901052166144,2060,5584,False,en
907,753420520834629632,3342,7526,False,en
908,753398408988139520,1789,5490,False,en
909,753375668877008896,2202,7311,False,en
910,753298634498793472,5368,0,False,en
911,753294487569522689,981,3208,False,en
912,753039830821511168,19736,35462,False,en
913,753026973505581056,903,3751,False,en
914,752932432744185856,6476,12064,False,en
915,752917284578922496,1477,6647,False,en
916,752701944171524096,2704,0,False,en
917,752682090207055872,1499,5764,False,en
918,752660715232722944,1470,4177,False,en
919,752568224206688256,2152,5256,False,en
920,752519690950500352,3245,7036,False,en
921,752334515931054080,1034,3667,False,en
922,752309394570878976,15297,0,False,en
923,752173152931807232,1726,5686,False,en
924,751950017322246144,859,2925,False,en
925,751937170840121344,1233,4946,False,en
926,751830394383790080,1842,5564,False,en
927,751793661361422336,2713,5541,False,en
928,751598357617971201,2895,7613,False,en
929,751583847268179968,1031,4201,False,en
930,751538714308972544,1182,4832,False,en
931,751456908746354688,944,3082,False,en
932,751251247299190784,5538,11989,False,en
933,751205363882532864,1715,6031,False,en
934,751132876104687617,1220,4837,False,en
935,750868782890057730,1287,4572,False,en
936,750719632563142656,4726,12577,False,en
937,750506206503038976,1080,4244,False,en
938,750429297815552001,4033,12604,False,en
939,750383411068534784,1077,4352,False,en
940,750381685133418496,28,681,False,en
941,750147208377409536,906,2986,False,en
942,750132105863102464,1214,3463,False,en
943,750117059602808832,1239,4168,False,en
944,750101899009982464,796,2920,False,en
945,750086836815486976,503,2078,False,en
946,750071704093859840,3116,7441,False,en
947,750056684286914561,852,3032,False,en
948,750041628174217216,580,3035,False,en
949,750026558547456000,737,2600,False,en
950,750011400160841729,850,3091,False,en
951,749996283729883136,774,2908,False,en
952,749981277374128128,2333,4889,False,en
953,749774190421639168,1255,4467,False,en
954,749417653287129088,1547,5840,False,en
955,749403093750648834,501,2494,False,eu
956,749395845976588288,3249,8174,False,en
957,749317047558017024,2100,5221,False,en
958,749075273010798592,1945,5498,False,en
959,749064354620928000,1445,4592,False,en
960,749036806121881602,749,2952,False,en
961,748977405889503236,3211,10277,False,en
962,748932637671223296,2122,5538,False,en
963,748705597323898880,899,2651,False,en
964,748699167502000129,1494,4527,False,en
965,748692773788876800,1254,4035,False,en
966,748575535303884801,1867,5793,False,en
967,748568946752774144,635,2105,False,en
968,748346686624440324,1157,4982,False,en
969,748337862848962560,3854,7242,False,en
970,748324050481647620,714,3527,False,en
971,748307329658011649,672,3528,False,en
972,748220828303695873,7319,13470,False,en
973,747963614829678593,2013,5521,False,en
974,747933425676525569,2411,6315,False,en
975,747885874273214464,911,2786,False,en
976,747844099428986880,699,2697,False,en
977,747816857231626240,1096,4604,False,en
978,747651430853525504,146,1304,False,en
979,747648653817413632,5484,12275,False,en
980,747600769478692864,533,2229,False,en
981,747594051852075008,979,3503,False,en
982,747512671126323200,1519,5257,False,en
983,747461612269887489,984,3689,False,en
984,747439450712596480,1798,5151,False,en
985,747242308580548608,2722,0,False,en
986,747219827526344708,1479,5012,False,en
987,747204161125646336,857,3206,False,en
988,747103485104099331,3726,9091,False,en
989,746906459439529985,275,2772,False,en
990,746872823977771008,2013,5711,False,en
991,746818907684614144,1649,5061,False,en
992,746790600704425984,1509,4629,False,en
993,746757706116112384,3677,9089,False,en
994,746726898085036033,1686,5765,False,en
995,746542875601690625,1786,4801,False,en
996,746521445350707200,926,0,False,en
997,746507379341139972,1024,4443,False,en
998,746369468511756288,1533,5916,False,en
999,746131877086527488,2058,6541,False,en
1000,746056683365994496,764,3396,False,en
1001,745789745784041472,994,3795,False,en
1002,745712589599014916,2187,6673,False,en
1003,745433870967832576,2385,6724,False,en
1004,745422732645535745,2263,8143,False,en
1005,745314880350101504,2575,6794,False,en
1006,745074613265149952,3282,7472,False,en
1007,745057283344719872,2103,6911,False,en
1008,744995568523612160,578,2818,False,en
1009,744971049620602880,2515,7487,False,en
1010,744709971296780288,1480,5345,False,en
1011,744334592493166593,1982,6457,False,en
1012,744234799360020481,72814,148288,False,en
1013,744223424764059648,336,1567,False,en
1014,743980027717509120,1036,3984,False,en
1015,743895849529389061,904,3483,False,en
1016,743835915802583040,1942,0,False,en
1017,743609206067040256,1307,4255,False,en
1018,743595368194129920,6117,17383,False,en
1019,743545585370791937,887,3358,False,en
1020,743510151680958465,3503,7567,False,en
1021,743253157753532416,1148,4027,False,en
1022,743222593470234624,1797,5887,False,en
1023,743210557239623680,1278,3648,False,en
1024,742534281772302336,3369,6705,False,en
1025,742528092657332225,1842,4200,False,en
1026,742465774154047488,3695,6901,False,en
1027,742423170473463808,3517,9339,False,en
1028,742385895052087300,1837,6457,False,en
1029,742161199639494656,1275,4088,False,en
1030,742150209887731712,1449,4836,False,en
1031,741793263812808706,1413,4317,False,en
1032,741743634094141440,2579,7735,False,en
1033,741438259667034112,768,3500,False,en
1034,741303864243200000,3015,8338,False,en
1035,741099773336379392,5181,9480,False,en
1036,741067306818797568,2896,9073,False,en
1037,740995100998766593,2554,6010,False,en
1038,740711788199743490,887,3222,False,en
1039,740699697422163968,731,2706,False,en
1040,740676976021798912,6406,17247,False,en
1041,740373189193256964,12491,33289,False,en
1042,740365076218183684,399,2322,False,en
1043,740359016048689152,811,3114,False,en
1044,740214038584557568,1836,6335,False,en
1045,739979191639244800,5530,18931,False,en
1046,739932936087216128,1011,3855,False,en
1047,739844404073074688,806,3604,False,en
1048,739623569819336705,1276,3577,False,en
1049,739606147276148736,1546,5120,False,en
1050,739544079319588864,19846,37347,False,en
1051,739485634323156992,2715,6752,False,en
1052,739238157791694849,54366,109790,False,en
1053,738891149612572673,6,97,False,und
1054,738885046782832640,1070,3576,False,en
1055,738883359779196928,739,3119,False,en
1056,738537504001953792,1436,4816,False,en
1057,738402415918125056,767,3081,False,en
1058,738184450748633089,1142,4082,False,en
1059,738166403467907072,3116,8275,False,en
1060,738156290900254721,596,2353,False,en
1061,737826014890496000,1646,4977,False,en
1062,737800304142471168,3248,9475,False,en
1063,737678689543020544,1233,4757,False,en
1064,737445876994609152,4179,9704,False,en
1065,737322739594330112,753,3404,False,en
1066,737310737551491075,6939,13881,False,en
1067,736736130620620800,1603,4001,False,en
1068,736392552031657984,6861,16767,False,en
1069,736365877722001409,1155,3765,False,en
1070,736225175608430592,2616,7684,False,en
1071,736010884653420544,2765,7437,False,en
1072,735991953473572864,1064,3385,False,en
1073,735648611367784448,1037,3828,False,en
1074,735635087207878657,2202,5825,False,en
1075,735274964362878976,4685,12345,False,en
1076,735256018284875776,825,3152,False,en
1077,735137028879360001,909,2957,False,en
1078,734912297295085568,493,2608,False,en
1079,734787690684657664,5925,11863,False,en
1080,734776360183431168,501,2380,False,en
1081,734559631394082816,371,1409,False,en
1082,733828123016450049,734,3382,False,en
1083,733822306246479872,962,3488,False,en
1084,733482008106668032,883,2954,False,en
1085,733460102733135873,1178,3961,False,en
1086,733109485275860992,15970,50583,False,en
1087,732732193018155009,499,2301,False,en
1088,732726085725589504,827,3366,False,en
1089,732585889486888962,734,3452,False,en
1090,732375214819057664,2346,7644,False,en
1091,732005617171337216,5023,14065,False,en
1092,731285275100512256,930,3319,False,en
1093,731156023742988288,1183,3625,False,en
1094,730924654643314689,1851,5811,False,en
1095,730573383004487680,1983,4592,False,en
1096,730427201120833536,972,3292,False,en
1097,730211855403241472,991,3592,False,en
1098,730196704625098752,1748,4551,False,en
1099,729854734790754305,1042,3810,False,en
1100,729838605770891264,352,1636,False,en
1101,729823566028484608,1161,3754,False,en
1102,729463711119904772,2153,5453,False,en
1103,729113531270991872,296,1777,False,en
1104,728986383096946689,761,2966,False,en
1105,728760639972315136,1590,4394,False,en
1106,728751179681943552,637,2615,False,en
1107,728653952833728512,973,3125,False,en
1108,728409960103686147,1876,4628,False,en
1109,728387165835677696,899,3509,False,en
1110,728046963732717569,1122,4045,False,en
1111,728035342121635841,1557,4288,False,en
1112,728015554473250816,1025,3898,False,en
1113,727685679342333952,596,2808,False,en
1114,727644517743104000,1638,5535,False,en
1115,727524757080539137,1125,4219,False,en
1116,727314416056803329,694,3152,False,en
1117,727286334147182592,769,2889,False,en
1118,727175381690781696,1290,3692,False,en
1119,727155742655025152,1232,3417,False,en
1120,726935089318363137,2279,6503,False,en
1121,726887082820554753,1413,3626,False,en
1122,726828223124897792,943,3378,False,en
1123,726224900189511680,1071,4184,False,en
1124,725842289046749185,2490,6698,False,en
1125,725786712245440512,1283,3947,False,en
1126,725729321944506368,1655,4925,False,en
1127,725458796924002305,573,1339,False,en
1128,724983749226668032,1211,3531,False,en
1129,724771698126512129,586,2213,False,en
1130,724405726123311104,1556,5005,False,en
1131,724049859469295616,1662,4079,False,en
1132,724046343203856385,521,2515,False,en
1133,724004602748780546,1432,3942,False,en
1134,723912936180330496,1156,3688,False,en
1135,723688335806480385,2721,7230,False,en
1136,723673163800948736,833,2861,False,en
1137,723179728551723008,1743,4998,False,en
1138,722974582966214656,1468,3872,False,en
1139,722613351520608256,1533,4713,False,en
1140,721503162398597120,1696,4351,False,en
1141,721001180231503872,573,2397,False,en
1142,720785406564900865,721,2920,False,en
1143,720775346191278080,606,2322,False,en
1144,720415127506415616,1403,3902,False,en
1145,720389942216527872,2329,6024,False,en
1146,720340705894408192,912,2704,False,en
1147,720059472081784833,1050,3646,False,en
1148,720043174954147842,1877,4683,False,en
1149,719991154352222208,1624,4585,False,en
1150,719704490224398336,1330,4295,False,en
1151,719551379208073216,1774,4775,False,en
1152,719367763014393856,703,2653,False,en
1153,719339463458033665,1154,4212,False,en
1154,719332531645071360,888,3252,False,en
1155,718971898235854848,1010,3283,False,en
1156,718939241951195136,1631,4949,False,en
1157,718631497683582976,7467,17813,False,en
1158,718613305783398402,449,2314,False,en
1159,718540630683709445,949,2300,False,en
1160,718460005985447936,489,2550,False,en
1161,718454725339934721,1411,4597,False,en
1162,718246886998687744,459,1804,False,en
1163,718234618122661888,932,3655,False,en
1164,717841801130979328,560,2322,False,en
1165,717790033953034240,1022,2695,False,en
1166,717537687239008257,1721,5471,False,en
1167,717428917016076293,420,1528,False,en
1168,717421804990701568,776,2967,False,en
1169,717047459982213120,1791,5938,False,en
1170,717009362452090881,894,3059,False,en
1171,716802964044845056,1086,4067,False,en
1172,716791146589110272,1482,7815,False,en
1173,716730379797970944,408,1165,False,en
1174,716447146686459905,5483,12331,False,en
1175,716439118184652801,198,2262,False,en
1176,716285507865542656,986,2626,False,en
1177,716080869887381504,1772,6419,False,en
1178,715928423106027520,820,3016,False,en
1179,715758151270801409,1335,3513,False,en
1180,715733265223708672,1578,4421,False,en
1181,715704790270025728,529,2627,False,en
1182,715696743237730304,1202,3708,False,en
1183,715680795826982913,1489,4066,False,en
1184,715360349751484417,1461,5174,False,en
1185,715342466308784130,641,2873,False,en
1186,715220193576927233,608,2283,False,en
1187,715200624753819648,1747,4881,False,en
1188,715009755312439296,1148,3923,False,en
1189,714982300363173890,965,3522,False,en
1190,714962719905021952,3973,6948,False,en
1191,714957620017307648,1319,3924,False,en
1192,714631576617938945,932,3094,False,en
1193,714606013974974464,864,3439,False,en
1194,714485234495041536,1050,2518,False,en
1195,714258258790387713,686,2883,False,en
1196,714251586676113411,780,3107,False,en
1197,714214115368108032,820,2165,False,en
1198,714141408463036416,1320,4094,False,en
1199,713919462244790272,742,3118,False,en
1200,713909862279876608,508,1794,False,en
1201,713900603437621249,684,2690,False,en
1202,713761197720473600,1274,4600,False,en
1203,713411074226274305,1220,4193,False,en
1204,713177543487135744,2679,6831,False,en
1205,713175907180089344,1374,4203,False,en
1206,712809025985978368,6271,18035,False,en
1207,712717840512598017,4633,11647,False,en
1208,712668654853337088,1133,3928,False,en
1209,712438159032893441,1463,5034,False,en
1210,712309440758808576,25,223,False,en
1211,712097430750289920,967,3570,False,en
1212,712092745624633345,837,2788,False,en
1213,712085617388212225,460,3100,False,en
1214,712065007010385924,585,2125,False,en
1215,711998809858043904,122,0,False,en
1216,711968124745228288,2154,7612,False,en
1217,711743778164514816,933,2695,False,en
1218,711732680602345472,3807,8316,False,en
1219,711694788429553666,17164,31039,False,en
1220,711652651650457602,852,3655,False,en
1221,711363825979756544,1059,3418,False,en
1222,711306686208872448,695,3129,False,en
1223,711008018775851008,575,2831,False,en
1224,710997087345876993,1298,4335,False,en
1225,710844581445812225,642,2415,False,en
1226,710833117892898816,500,2541,False,en
1227,710658690886586372,529,2198,False,en
1228,710609963652087808,2225,4540,False,en
1229,710588934686908417,1745,4294,False,en
1230,710296729921429505,688,2257,False,en
1231,710283270106132480,492,2053,False,en
1232,710272297844797440,1176,4266,False,en
1233,710269109699739648,1044,2271,False,en
1234,710153181850935296,837,2755,False,en
1235,710140971284037632,832,2597,False,en
1236,710117014656950272,1845,5158,False,en
1237,709918798883774466,1016,3315,False,en
1238,709901256215666688,96,631,False,en
1239,709852847387627521,1129,3313,False,en
1240,709566166965075968,1120,3351,False,en
1241,709556954897764353,1005,3110,False,en
1242,709519240576036864,225,1424,False,en
1243,709449600415961088,534,2089,False,en
1244,709409458133323776,641,2506,False,en
1245,709225125749587968,536,2275,False,en
1246,709207347839836162,5382,11796,False,en
1247,709198395643068416,605,2327,False,en
1248,709179584944730112,628,1909,False,en
1249,709158332880297985,378,1928,False,en
1250,709042156699303936,1529,4470,False,en
1251,708853462201716736,613,1708,False,en
1252,708845821941387268,835,2810,False,en
1253,708834316713893888,471,1595,False,en
1254,708810915978854401,6464,15619,False,en
1255,708738143638450176,767,2616,False,en
1256,708711088997666817,666,2402,False,en
1257,708479650088034305,641,2407,False,en
1258,708469915515297792,759,2940,False,en
1259,708400866336894977,9394,15062,False,en
1260,708356463048204288,1241,3387,False,en
1261,708349470027751425,694,2238,False,en
1262,708149363256774660,1454,4084,False,en
1263,708130923141795840,800,3197,False,en
1264,708119489313951744,917,2547,False,en
1265,708109389455101952,522,1853,False,en
1266,708026248782585858,1808,4173,False,en
1267,707995814724026368,1053,2968,False,en
1268,707983188426153984,2,48,False,en
1269,707969809498152960,898,2549,False,en
1270,707776935007539200,898,3104,False,en
1271,707741517457260545,571,2355,False,en
1272,707738799544082433,2283,3858,False,en
1273,707693576495472641,936,3217,False,en
1274,707629649552134146,814,2432,False,en
1275,707610948723478529,5930,16085,False,en
1276,707420581654872064,656,2133,False,en
1277,707411934438625280,563,2182,False,en
1278,707387676719185920,1190,3315,False,en
1279,707377100785885184,1011,3093,False,en
1280,707315916783140866,595,2347,False,en
1281,707297311098011648,734,2649,False,en
1282,707059547140169728,634,2466,False,en
1283,707038192327901184,736,2068,False,en
1284,707021089608753152,1272,3874,False,en
1285,707014260413456384,559,2192,False,en
1286,706904523814649856,7347,13808,False,en
1287,706901761596989440,543,1936,False,en
1288,706681918348251136,914,3125,False,en
1289,706644897839910912,1025,2431,False,en
1290,706593038911545345,595,2043,False,en
1291,706538006853918722,1345,3290,False,en
1292,706516534877929472,966,2963,False,en
1293,706346369204748288,865,3269,False,en
1294,706310011488698368,7369,20116,False,en
1295,706291001778950144,449,1623,False,en
1296,706265994973601792,868,2595,False,en
1297,706169069255446529,2065,3699,False,en
1298,706166467411222528,1507,4876,False,en
1299,706153300320784384,358,1402,False,en
1300,705975130514706432,679,2942,False,en
1301,705970349788291072,836,3020,False,en
1302,705898680587526145,517,2255,False,en
1303,705786532653883392,485,1841,False,en
1304,705591895322394625,1071,2999,False,en
1305,705475953783398401,855,2820,False,en
1306,705442520700944385,1501,4170,False,en
1307,705428427625635840,1563,3608,False,en
1308,705239209544720384,704,2841,False,en
1309,705223444686888960,745,2445,False,en
1310,705102439679201280,486,2034,False,en
1311,705066031337840642,570,2072,False,en
1312,704871453724954624,1051,4051,False,en
1313,704859558691414016,497,2140,False,en
1314,704847917308362754,1419,4815,False,en
1315,704819833553219584,918,2506,False,en
1316,704761120771465216,2722,6302,False,en
1317,704499785726889984,935,2749,False,en
1318,704491224099647488,74,707,False,es
1319,704480331685040129,1007,3225,False,en
1320,704364645503647744,3326,7551,False,en
1321,704347321748819968,324,1493,False,en
1322,704134088924532736,426,1429,False,en
1323,704113298707505153,537,1765,False,en
1324,704054845121142784,867,2781,False,en
1325,703774238772166656,417,1761,False,en
1326,703769065844768768,1061,3097,False,en
1327,703631701117943808,623,2424,False,en
1328,703611486317502464,1425,3650,False,en
1329,703425003149250560,1266,3593,False,en
1330,703407252292673536,647,2315,False,en
1331,703382836347330562,1068,3317,False,en
1332,703356393781329922,361,1819,False,en
1333,703268521220972544,510,1881,False,en
1334,703079050210877440,2891,6996,False,en
1335,703041949650034688,11648,24961,False,en
1336,702932127499816960,672,2447,False,en
1337,702899151802126337,419,1515,False,en
1338,702684942141153280,992,3070,False,en
1339,702671118226825216,526,2073,False,en
1340,702598099714314240,3222,11610,False,en
1341,702539513671897089,903,2741,False,en
1342,702332542343577600,1440,3001,False,en
1343,702321140488925184,981,3118,False,en
1344,702276748847800320,720,2334,False,en
1345,702217446468493312,1260,4523,False,en
1346,701981390485725185,921,3263,False,en
1347,701952816642965504,959,3643,False,en
1348,701889187134500865,1295,3350,False,en
1349,701805642395348998,1564,3233,False,en
1350,701601587219795968,428,1988,False,en
1351,701570477911896070,873,2667,False,en
1352,701545186879471618,574,2525,False,en
1353,701214700881756160,4774,11567,False,en
1354,700890391244103680,528,2106,False,en
1355,700864154249383937,586,2463,False,en
1356,700847567345688576,466,2340,False,en
1357,700796979434098688,882,2312,False,en
1358,700747788515020802,8692,21575,False,en
1359,700518061187723268,744,2470,False,en
1360,700505138482569216,543,2172,False,en
1361,700462010979500032,1672,3894,False,en
1362,700167517596164096,683,2495,False,en
1363,700151421916807169,632,2117,False,en
1364,700143752053182464,2533,7124,False,en
1365,700062718104104960,640,2505,False,en
1366,700029284593901568,544,1974,False,en
1367,700002074055016451,1255,3131,False,en
1368,699801817392291840,881,2862,False,en
1369,699788877217865730,483,2121,False,en
1370,699779630832685056,1156,2587,False,en
1371,699775878809702401,564,1858,False,en
1372,699691744225525762,4309,9733,False,en
1373,699446877801091073,2465,5658,False,en
1374,699434518667751424,481,2076,False,en
1375,699423671849451520,301,1284,False,en
1376,699413908797464576,589,1979,False,en
1377,699370870310113280,406,1798,False,en
1378,699323444782047232,808,2983,False,en
1379,699088579889332224,588,2138,False,en
1380,699079609774645248,604,2322,False,en
1381,699072405256409088,1114,2803,False,en
1382,699060279947165696,1681,3541,False,en
1383,699036661657767936,1130,2471,False,en
1384,698989035503689728,906,3156,False,en
1385,698953797952008193,853,2539,False,en
1386,698907974262222848,575,2399,False,en
1387,698710712454139905,636,2339,False,en
1388,698703483621523456,350,1370,False,en
1389,698635131305795584,323,1229,False,en
1390,698549713696649216,582,2206,False,en
1391,698355670425473025,414,1750,False,en
1392,698342080612007937,902,2143,False,en
1393,698262614669991936,1862,4522,False,en
1394,698195409219559425,5608,15922,False,en
1395,698178924120031232,698,2667,False,en
1396,697995514407682048,317,1445,False,en
1397,697990423684476929,1207,3116,False,en
1398,697943111201378304,633,2264,False,en
1399,697881462549430272,1089,2861,False,en
1400,697630435728322560,511,1644,False,en
1401,697616773278015490,942,2961,False,en
1402,697596423848730625,1175,2858,False,en
1403,697575480820686848,472,1934,False,en
1404,697516214579523584,1033,1929,False,en
1405,697482927769255936,628,2305,False,en
1406,697463031882764288,1312,3252,False,en
1407,697270446429966336,1762,4476,False,en
1408,697259378236399616,937,3126,False,en
1409,697255105972801536,1085,2909,False,en
1410,697242256848379904,633,2399,False,en
1411,696900204696625153,967,2992,False,en
1412,696894894812565505,639,2224,False,en
1413,696886256886657024,1673,4586,False,en
1414,696877980375769088,665,2321,False,en
1415,696754882863349760,334,1402,False,en
1416,696744641916489729,868,1948,False,en
1417,696713835009417216,607,2244,False,en
1418,696518437233913856,1621,3717,False,en
1419,696490539101908992,134,1153,False,en
1420,696488710901260288,955,2377,False,en
1421,696405997980676096,1081,3031,False,en
1422,696100768806522880,609,1830,False,en
1423,695816827381944320,1081,2846,False,en
1424,695794761660297217,727,3007,False,en
1425,695767669421768709,689,1756,False,en
1426,695629776980148225,1956,4316,False,en
1427,695446424020918272,1707,4190,False,en
1428,695409464418041856,3356,8222,False,en
1429,695314793360662529,1347,3432,False,en
1430,695095422348574720,574,2519,False,en
1431,695074328191332352,1027,2683,False,en
1432,695064344191721472,547,1519,False,en
1433,695051054296211456,745,2510,False,en
1434,694925794720792577,858,2563,False,en
1435,694905863685980160,875,2614,False,en
1436,694669722378485760,13447,33939,False,en
1437,694356675654983680,266,1424,False,en
1438,694352839993344000,566,1925,False,en
1439,694342028726001664,454,1507,False,en
1440,694329668942569472,471,1890,False,en
1441,694206574471057408,1914,3925,False,en
1442,694183373896572928,871,2791,False,en
1443,694001791655137281,962,3230,False,en
1444,693993230313091072,378,1789,False,en
1445,693942351086120961,343,1661,False,en
1446,693647888581312512,545,2548,False,en
1447,693644216740769793,118,1292,False,en
1448,693642232151285760,392,2421,False,en
1449,693629975228977152,746,2325,False,en
1450,693622659251335168,350,1461,False,en
1451,693590843962331137,1840,4794,False,en
1452,693582294167244802,234,1565,False,en
1453,693486665285931008,591,1680,False,en
1454,693280720173801472,1166,3179,False,en
1455,693267061318012928,757,2258,False,en
1456,693262851218264065,465,2090,False,en
1457,693231807727280129,696,2739,False,en
1458,693155686491000832,3001,7479,False,en
1459,693109034023534592,568,1616,False,en
1460,693095443459342336,426,1763,False,en
1461,692919143163629568,714,2578,False,en
1462,692905862751522816,817,2305,False,en
1463,692901601640583168,560,1665,False,en
1464,692894228850999298,740,2138,False,en
1465,692828166163931137,832,2731,False,en
1466,692752401762250755,3412,6456,False,en
1467,692568918515392513,1450,4130,False,en
1468,692535307825213440,1279,2990,False,en
1469,692530551048294401,384,1753,False,en
1470,692423280028966913,205,1398,False,en
1471,692417313023332352,3236,8873,False,en
1472,692187005137076224,768,2398,False,en
1473,692158366030913536,747,2030,False,en
1474,692142790915014657,366,1555,False,en
1475,692041934689402880,1178,3217,False,en
1476,692017291282812928,896,2743,False,en
1477,691820333922455552,1541,3763,False,en
1478,691793053716221953,3960,7705,False,en
1479,691756958957883396,923,2681,False,en
1480,691675652215414786,473,1849,False,en
1481,691483041324204033,520,2267,False,en
1482,691459709405118465,1062,3826,False,en
1483,691444869282295808,789,2497,False,en
1484,691416866452082688,7155,18342,False,en
1485,691321916024623104,622,2449,False,en
1486,691096613310316544,830,2831,False,en
1487,691090071332753408,317,1640,False,en
1488,690989312272396288,2697,5605,False,en
1489,690959652130045952,1150,3399,False,en
1490,690938899477221376,1810,3869,False,en
1491,690932576555528194,943,3108,False,en
1492,690735892932222976,1191,3588,False,en
1493,690728923253055490,484,2058,False,en
1494,690690673629138944,774,2213,False,en
1495,690649993829576704,256,1235,False,en
1496,690607260360429569,15,286,False,und
1497,690597161306841088,569,1840,False,en
1498,690400367696297985,423,1790,False,en
1499,690374419777196032,795,3068,False,en
1500,690360449368465409,824,2510,False,en
1501,690348396616552449,481,1415,False,en
1502,690248561355657216,387,1593,False,en
1503,690021994562220032,963,2655,False,en
1504,690015576308211712,684,2363,False,en
1505,690005060500217858,1583,3479,False,en
1506,689999384604450816,340,1342,False,en
1507,689993469801164801,422,1383,False,en
1508,689977555533848577,422,1300,False,en
1509,689905486972461056,649,2330,False,en
1510,689877686181715968,1090,2871,False,en
1511,689835978131935233,706,2064,False,en
1512,689661964914655233,880,3076,False,en
1513,689659372465688576,3607,9813,False,en
1514,689623661272240129,599,2105,False,en
1515,689599056876867584,5177,11056,False,en
1516,689557536375177216,425,1957,False,en
1517,689517482558820352,1337,3223,False,en
1518,689289219123089408,876,2135,False,en
1519,689283819090870273,1033,3093,False,en
1520,689280876073582592,661,1874,False,en
1521,689275259254616065,233,1090,False,en
1522,689255633275777024,1011,2424,False,en
1523,689154315265683456,926,2928,False,en
1524,689143371370250240,468,1919,False,en
1525,688916208532455424,805,2568,False,en
1526,688908934925697024,721,1995,False,en
1527,688898160958271489,734,1986,False,en
1528,688894073864884227,642,2130,False,en
1529,688828561667567616,342,1307,False,en
1530,688804835492233216,176,914,False,en
1531,688789766343622656,624,2107,False,en
1532,688547210804498433,657,2458,False,en
1533,688519176466644993,685,2205,False,en
1534,688385280030670848,4197,8779,False,en
1535,688211956440801280,784,2130,False,en
1536,688179443353796608,548,2025,False,en
1537,688116655151435777,725,2682,False,en
1538,688064179421470721,338,1644,False,en
1539,687841446767013888,2335,5163,False,en
1540,687826841265172480,1048,2599,False,en
1541,687818504314159109,895,2347,False,en
1542,687807801670897665,672,2257,False,en
1543,687732144991551489,619,1668,False,en
1544,687704180304273409,786,2305,False,en
1545,687664829264453632,482,1841,False,en
1546,687494652870668288,541,1806,False,en
1547,687480748861947905,225,1518,False,en
1548,687476254459715584,500,1880,False,en
1549,687460506001633280,507,1959,False,en
1550,687399393394311168,578,1801,False,en
1551,687317306314240000,8610,19107,False,en
1552,687312378585812992,1777,4135,False,en
1553,687127927494963200,2114,5132,False,en
1554,687124485711986689,475,2074,False,en
1555,687109925361856513,2309,5517,False,en
1556,687102708889812993,902,2217,False,en
1557,687096057537363968,570,2130,False,en
1558,686947101016735744,2995,8191,False,en
1559,686760001961103360,1301,3328,False,en
1560,686749460672679938,1356,3286,False,en
1561,686730991906516992,1132,3917,False,en
1562,686683045143953408,757,2679,False,en
1563,686618349602762752,1274,3509,False,en
1564,686606069955735556,509,1798,False,en
1565,686394059078897668,646,1645,False,en
1566,686386521809772549,826,3082,False,en
1567,686377065986265092,530,2104,False,en
1568,686358356425093120,616,2054,False,en
1569,686286779679375361,1573,3825,False,en
1570,686050296934563840,682,2110,False,en
1571,686035780142297088,111,1091,False,en
1572,686034024800862208,1070,2923,False,en
1573,686007916130873345,379,2345,False,en
1574,686003207160610816,580,1733,False,en
1575,685973236358713344,488,1985,False,en
1576,685943807276412928,553,1544,False,en
1577,685906723014619143,2679,7087,False,en
1578,685681090388975616,115,1938,False,en
1579,685667379192414208,524,2233,False,en
1580,685663452032069632,1373,3055,False,en
1581,685641971164143616,713,2765,False,en
1582,685547936038666240,14563,31186,False,en
1583,685532292383666176,1083,2882,False,en
1584,685325112850124800,3707,8914,False,en
1585,685321586178670592,592,2507,False,en
1586,685315239903100929,972,3122,False,en
1587,685307451701334016,412,1974,False,en
1588,685268753634967552,1116,2933,False,en
1589,685198997565345792,617,2212,False,en
1590,685169283572338688,1332,3895,False,en
1591,684969860808454144,343,2267,False,en
1592,684959798585110529,2921,6439,False,en
1593,684940049151070208,972,3037,False,en
1594,684926975086034944,436,3320,False,en
1595,684914660081053696,1363,3318,False,en
1596,684902183876321280,491,1772,False,en
1597,684880619965411328,752,1984,False,en
1598,684830982659280897,20338,33194,False,en
1599,684800227459624960,937,2585,False,en
1600,684594889858887680,3281,8431,False,en
1601,684588130326986752,1324,3896,False,en
1602,684567543613382656,1136,2842,False,en
1603,684538444857667585,886,2501,False,en
1604,684481074559381504,1111,3677,False,en
1605,684460069371654144,523,1871,False,en
1606,684241637099323392,3059,7687,False,en
1607,684225744407494656,191,1179,False,en
1608,684222868335505415,1270,3624,False,en
1609,684200372118904832,978,2036,False,en
1610,684195085588783105,475,1806,False,en
1611,684188786104872960,1090,3318,False,en
1612,684177701129875456,617,1912,False,en
1613,684147889187209216,1417,2830,False,en
1614,684122891630342144,441,1903,False,en
1615,684097758874210310,1339,3900,False,en
1616,683857920510050305,1052,3615,False,en
1617,683852578183077888,325,1841,False,en
1618,683849932751646720,883,2471,False,en
1619,683834909291606017,1053,2493,False,en
1620,683828599284170753,996,2661,False,en
1621,683773439333797890,1258,3163,False,en
1622,683742671509258241,3110,6114,False,en
1623,683515932363329536,2704,6958,False,en
1624,683498322573824003,910,3014,False,en
1625,683481228088049664,937,2534,False,en
1626,683462770029932544,636,2296,False,en
1627,683449695444799489,1501,3670,False,en
1628,683391852557561860,2245,7243,False,en
1629,683357973142474752,854,2745,False,en
1630,683142553609318400,981,2717,False,en
1631,683111407806746624,848,3225,False,en
1632,683098815881154561,612,2057,False,nl
1633,683078886620553216,532,1899,False,en
1634,683030066213818368,696,2041,False,en
1635,682962037429899265,15334,34700,False,en
1636,682808988178739200,158,1686,False,en
1637,682788441537560576,1047,2347,False,en
1638,682750546109968385,409,1438,False,en
1639,682697186228989953,342,1248,False,in
1640,682662431982772225,1014,2888,False,en
1641,682638830361513985,557,1957,False,en
1642,682429480204398592,1081,3252,False,en
1643,682406705142087680,1638,7158,False,en
1644,682393905736888321,618,2121,False,en
1645,682389078323662849,441,1586,False,en
1646,682303737705140231,914,2900,False,en
1647,682259524040966145,1113,3914,False,en
1648,682242692827447297,1075,3055,False,en
1649,682088079302213632,9180,17227,False,en
1650,682059653698686977,1574,4664,False,en
1651,682047327939461121,878,3033,False,en
1652,682032003584274432,1863,6220,False,en
1653,682003177596559360,1412,2948,False,en
1654,681981167097122816,956,2655,False,en
1655,681891461017812993,767,2334,False,en
1656,681694085539872773,3803,12131,False,en
1657,681679526984871937,414,1676,False,en
1658,681654059175129088,844,2481,False,en
1659,681610798867845120,435,1790,False,en
1660,681579835668455424,1212,3348,False,en
1661,681523177663676416,5368,13484,False,en
1662,681340665377193984,253,1555,False,en
1663,681339448655802368,3810,8799,False,en
1664,681320187870711809,690,2496,False,en
1665,681302363064414209,1693,3712,False,en
1666,681297372102656000,886,3043,False,en
1667,681281657291280384,1026,3056,False,en
1668,681261549936340994,247,1371,False,en
1669,681242418453299201,490,1403,False,en
1670,681231109724700672,457,2284,False,en
1671,681193455364796417,1382,3496,False,en
1672,680970795137544192,608,2279,False,en
1673,680959110691590145,1865,4342,False,en
1674,680940246314430465,969,3016,False,en
1675,680934982542561280,408,1973,False,en
1676,680913438424612864,579,2278,False,en
1677,680889648562991104,346,1663,False,en
1678,680836378243002368,1236,3263,False,en
1679,680805554198020098,625,2031,False,en
1680,680801747103793152,763,2246,False,en
1681,680798457301471234,963,2677,False,en
1682,680609293079592961,651,2481,False,en
1683,680583894916304897,1231,3417,False,en
1684,680497766108381184,1793,3987,False,en
1685,680494726643068929,452,1621,False,en
1686,680473011644985345,703,2401,False,en
1687,680440374763077632,466,1365,False,en
1688,680221482581123072,275,1409,False,en
1689,680206703334408192,1087,2678,False,en
1690,680191257256136705,466,2030,False,en
1691,680176173301628928,1445,3671,False,en
1692,680161097740095489,690,2203,False,en
1693,680145970311643136,1623,3420,False,en
1694,680130881361686529,880,2165,False,en
1695,680115823365742593,851,2569,False,en
1696,680100725817409536,1294,3397,False,en
1697,680085611152338944,8417,12088,False,en
1698,680070545539371008,802,2444,False,en
1699,679877062409191424,603,1867,False,en
1700,679872969355714560,618,2078,False,en
1701,679862121895714818,575,2320,False,en
1702,679854723806179328,1147,2689,False,en
1703,679844490799091713,707,2249,False,en
1704,679828447187857408,13019,34107,False,en
1705,679777920601223168,1023,2933,False,en
1706,679736210798047232,737,1974,False,en
1707,679729593985699840,778,2048,False,en
1708,679722016581222400,440,1576,False,en
1709,679530280114372609,1948,4505,False,en
1710,679527802031484928,676,2487,False,en
1711,679511351870550016,1175,3159,False,en
1712,679503373272485890,1366,2988,False,en
1713,679475951516934144,602,1973,False,en
1714,679462823135686656,17458,29639,False,en
1715,679405845277462528,1107,2235,False,en
1716,679158373988876288,7464,19960,False,en
1717,679148763231985668,962,2634,False,en
1718,679132435750195208,1074,2794,False,en
1719,679111216690831360,2405,5587,False,en
1720,679062614270468097,7439,15911,False,en
1721,679047485189439488,607,2114,False,en
1722,679001094530465792,1133,2681,False,en
1723,678991772295516161,1068,2138,False,en
1724,678969228704284672,423,1541,False,en
1725,678800283649069056,841,2413,False,en
1726,678798276842360832,1070,3238,False,en
1727,678774928607469569,843,2642,False,en
1728,678767140346941444,1265,3310,False,en
1729,678764513869611008,434,1526,False,en
1730,678755239630127104,3033,6657,False,en
1731,678740035362037760,1540,3502,False,en
1732,678708137298427904,2259,5274,False,en
1733,678675843183484930,1358,2675,False,en
1734,678643457146150913,372,1931,False,en
1735,678446151570427904,1417,3758,False,en
1736,678424312106393600,2360,5125,False,en
1737,678410210315247616,1664,3953,False,en
1738,678399652199309312,29458,75348,False,en
1739,678396796259975168,388,1495,False,en
1740,678389028614488064,390,1751,False,en
1741,678380236862578688,837,2293,False,en
1742,678341075375947776,496,1620,False,en
1743,678334497360859136,231,1217,False,en
1744,678278586130948096,5660,10715,False,en
1745,678255464182861824,341,1489,False,en
1746,678023323247357953,349,1787,False,en
1747,678021115718029313,5816,12717,False,en
1748,677961670166224897,1571,3215,False,en
1749,677918531514703872,379,1254,False,en
1750,677895101218201600,1904,4505,False,en
1751,677716515794329600,902,2858,False,en
1752,677700003327029250,1332,3188,False,en
1753,677698403548192770,295,1153,False,en
1754,677687604918272002,780,2334,False,en
1755,677673981332312066,1389,3128,False,en
1756,677662372920729601,878,1831,False,en
1757,677644091929329666,747,1747,False,en
1758,677573743309385728,636,1994,False,en
1759,677565715327688705,425,1223,False,en
1760,677557565589463040,1061,2287,False,en
1761,677547928504967168,3406,6487,False,en
1762,677530072887205888,211,993,False,en
1763,677335745548390400,1612,2844,False,en
1764,677334615166730240,259,1263,False,en
1765,677331501395156992,216,1018,False,en
1766,677328882937298944,1398,3422,False,en
1767,677314812125323265,485,1550,False,en
1768,677301033169788928,369,1145,False,en
1769,677269281705472000,655,1846,False,en
1770,677228873407442944,1511,3317,False,en
1771,677187300187611136,841,2554,False,en
1772,676975532580409345,985,2595,False,en
1773,676957860086095872,745,2090,False,en
1774,676949632774234114,367,1227,False,en
1775,676948236477857792,795,2012,False,en
1776,676946864479084545,337,1618,False,en
1777,676942428000112642,686,1932,False,en
1778,676936541936185344,4569,11909,False,en
1779,676916996760600576,1675,2773,False,en
1780,676897532954456065,667,2103,False,en
1781,676864501615042560,651,1954,False,en
1782,676821958043033607,14239,21302,False,en
1783,676819651066732545,611,1698,False,en
1784,676811746707918848,396,1344,False,en
1785,676776431406465024,1858,4659,False,en
1786,676617503762681856,881,2691,False,en
1787,676613908052996102,184,1016,False,en
1788,676606785097199616,399,1773,False,en
1789,676603393314578432,355,1082,False,en
1790,676593408224403456,1974,4252,False,en
1791,676590572941893632,115,861,False,en
1792,676588346097852417,723,2143,False,en
1793,676582956622721024,253,1106,False,en
1794,676575501977128964,1031,2397,False,en
1795,676533798876651520,512,1750,False,en
1796,676496375194980353,485,1419,False,en
1797,676470639084101634,4311,10848,False,en
1798,676440007570247681,611,1609,False,en
1799,676430933382295552,314,1299,False,en
1800,676263575653122048,499,1949,False,en
1801,676237365392908289,258,1123,False,en
1802,676219687039057920,28499,71307,False,en
1803,676215927814406144,529,1617,False,en
1804,676191832485810177,951,2111,False,en
1805,676146341966438401,611,1798,False,en
1806,676121918416756736,1070,2015,False,en
1807,676101918813499392,1079,2643,False,en
1808,676098748976615425,1294,2765,False,en
1809,676089483918516224,405,1219,False,en
1810,675898130735476737,521,1499,False,en
1811,675891555769696257,783,1977,False,en
1812,675888385639251968,869,2198,False,en
1813,675878199931371520,1286,3877,False,en
1814,675870721063669760,519,1513,False,en
1815,675853064436391936,1178,2502,False,en
1816,675849018447167488,129,884,False,en
1817,675845657354215424,802,2108,False,en
1818,675822767435051008,488,1415,False,en
1819,675820929667219457,220,977,False,en
1820,675798442703122432,3142,9550,False,en
1821,675781562965868544,429,1498,False,en
1822,675740360753160193,307,1092,False,en
1823,675710890956750848,750,1738,False,en
1824,675707330206547968,626,1833,False,en
1825,675706639471788032,87,601,False,en
1826,675534494439489536,375,1706,False,en
1827,675531475945709568,346,1099,False,en
1828,675522403582218240,257,960,False,en
1829,675517828909424640,425,1196,False,en
1830,675501075957489664,5369,15950,False,en
1831,675497103322386432,1183,2900,False,en
1832,675489971617296384,543,1189,False,en
1833,675483430902214656,886,1705,False,en
1834,675432746517426176,527,1399,False,en
1835,675372240448454658,474,1562,False,en
1836,675362609739206656,204,977,False,en
1837,675354435921575936,15297,30136,False,en
1838,675349384339542016,2065,3627,False,en
1839,675334060156301312,1174,2550,False,en
1840,675166823650848770,1427,3273,False,en
1841,675153376133427200,2332,5754,False,en
1842,675149409102012420,1550,3443,False,en
1843,675147105808306176,207,868,False,en
1844,675146535592706048,264,1089,False,en
1845,675145476954566656,814,1966,False,en
1846,675135153782571009,427,1200,False,en
1847,675113801096802304,710,1790,False,en
1848,675111688094527488,223,885,False,en
1849,675109292475830276,1028,2589,False,en
1850,675047298674663426,288,967,False,en
1851,675015141583413248,1080,2493,False,en
1852,675006312288268288,206,897,False,en
1853,675003128568291329,424,1431,False,en
1854,674999807681908736,997,2053,False,en
1855,674805413498527744,326,787,False,en
1856,674800520222154752,779,2768,False,en
1857,674793399141146624,987,2292,False,en
1858,674790488185167872,226,1017,False,nl
1859,674788554665512960,188,738,False,en
1860,674781762103414784,1082,1847,False,en
1861,674774481756377088,427,1008,False,en
1862,674767892831932416,713,1669,False,en
1863,674764817387900928,208,722,False,en
1864,674754018082705410,398,1255,False,en
1865,674752233200820224,417,1344,False,en
1866,674743008475090944,492,1290,False,en
1867,674742531037511680,46,441,False,en
1868,674739953134403584,343,999,False,en
1869,674737130913071104,81,595,False,en
1870,674690135443775488,427,1055,False,en
1871,674670581682434048,590,1491,False,en
1872,674664755118911488,217,837,False,en
1873,674646392044941312,440,1318,False,en
1874,674644256330530816,254,956,False,en
1875,674638615994089473,534,1549,False,en
1876,674632714662858753,520,1380,False,en
1877,674606911342424069,89,858,False,en
1878,674468880899788800,1842,5727,False,en
1879,674447403907457024,321,979,False,en
1880,674436901579923456,355,1024,False,en
1881,674422304705744896,486,1323,False,en
1882,674416750885273600,124,633,False,en
1883,674410619106390016,418,1104,False,en
1884,674394782723014656,514,1380,False,en
1885,674372068062928900,286,788,False,en
1886,674330906434379776,69,529,False,und
1887,674318007229923329,464,1293,False,en
1888,674307341513269249,6257,10444,False,en
1889,674291837063053312,5309,13536,False,en
1890,674271431610523648,667,1431,False,en
1891,674269164442398721,208,840,False,en
1892,674265582246694913,760,1501,False,en
1893,674262580978937856,402,1213,False,en
1894,674255168825880576,489,1341,False,en
1895,674082852460433408,150,707,False,en
1896,674075285688614912,254,921,False,en
1897,674063288070742018,1963,5871,False,en
1898,674053186244734976,1171,3040,False,en
1899,674051556661161984,444,1333,False,en
1900,674045139690631169,581,1298,False,en
1901,674042553264685056,115,657,False,en
1902,674038233588723717,380,1010,False,en
1903,674036086168010753,185,787,False,en
1904,674024893172875264,1113,1632,False,en
1905,674019345211760640,273,1044,False,en
1906,674014384960745472,579,1435,False,en
1907,674008982932058114,319,1110,False,en
1908,673956914389192708,871,1803,False,en
1909,673919437611909120,336,1081,False,en
1910,673906403526995968,1495,2930,False,en
1911,673887867907739649,230,866,False,en
1912,673716320723169284,686,2841,False,en
1913,673715861853720576,1860,3230,False,en
1914,673711475735838725,272,961,False,en
1915,673709992831262724,241,774,False,en
1916,673708611235921920,261,985,False,en
1917,673707060090052608,353,1016,False,en
1918,673705679337693185,368,1159,False,en
1919,673700254269775872,517,1316,False,en
1920,673697980713705472,1749,3627,False,en
1921,673689733134946305,591,1594,False,en
1922,673688752737402881,447,1158,False,en
1923,673686845050527744,391,1313,False,en
1924,673680198160809984,424,1256,False,en
1925,673662677122719744,337,1158,False,en
1926,673656262056419329,210,665,False,en
1927,673636718965334016,329,1023,False,en
1928,673612854080196609,650,1465,False,en
1929,673583129559498752,324,1101,False,en
1930,673580926094458881,248,762,False,en
1931,673576835670777856,505,1268,False,en
1932,673363615379013632,273,950,False,en
1933,673359818736984064,612,1326,False,en
1934,673355879178194945,512,1379,False,en
1935,673352124999274496,484,1531,False,en
1936,673350198937153538,190,700,False,en
1937,673345638550134785,1141,2291,False,en
1938,673343217010679808,245,887,False,en
1939,673342308415348736,512,1170,False,en
1940,673320132811366400,7078,12306,False,en
1941,673317986296586240,225,806,False,en
1942,673295268553605120,2847,6905,False,en
1943,673270968295534593,326,979,False,en
1944,673240798075449344,636,1308,False,en
1945,673213039743795200,755,2037,False,en
1946,673148804208660480,566,1545,False,en
1947,672997845381865473,640,1802,False,en
1948,672995267319328768,263,866,False,en
1949,672988786805112832,264,898,False,en
1950,672984142909456390,492,1147,False,en
1951,672980819271634944,914,1667,False,en
1952,672975131468300288,813,1538,False,en
1953,672970152493887488,321,867,False,en
1954,672968025906282496,488,1221,False,en
1955,672964561327235073,579,1292,False,en
1956,672902681409806336,446,1261,False,en
1957,672898206762672129,379,822,False,en
1958,672884426393653248,760,1410,False,en
1959,672877615439593473,321,939,False,en
1960,672834301050937345,516,1197,False,en
1961,672828477930868736,438,1135,False,en
1962,672640509974827008,286,903,False,en
1963,672622327801233409,435,1182,False,en
1964,672614745925664768,527,1118,False,en
1965,672609152938721280,350,1003,False,en
1966,672604026190569472,357,1002,False,en
1967,672594978741354496,549,1205,False,en
1968,672591762242805761,299,870,False,en
1969,672591271085670400,170,660,False,en
1970,672538107540070400,325,929,False,en
1971,672523490734551040,151,566,False,en
1972,672488522314567680,391,1021,False,en
1973,672482722825261057,540,1028,False,en
1974,672481316919734272,118,661,False,en
1975,672475084225949696,633,1325,False,en
1976,672466075045466113,474,1232,False,en
1977,672272411274932228,3044,5890,False,en
1978,672267570918129665,552,1355,False,en
1979,672264251789176834,301,1033,False,en
1980,672256522047614977,1371,2588,False,en
1981,672254177670729728,675,1309,False,en
1982,672248013293752320,538,1582,False,en
1983,672245253877968896,140,622,False,en
1984,672239279297454080,288,826,False,en
1985,672231046314901505,915,1670,False,en
1986,672222792075620352,185,719,False,en
1987,672205392827572224,1038,2057,False,en
1988,672169685991993344,332,935,False,en
1989,672160042234327040,317,801,False,en
1990,672139350159835138,628,1596,False,en
1991,672125275208069120,1028,2172,False,en
1992,672095186491711488,335,900,False,en
1993,672082170312290304,331,860,False,en
1994,672068090318987265,462,1177,False,en
1995,671896809300709376,3776,7810,False,en
1996,671891728106971137,509,1202,False,en
1997,671882082306625538,1252,3201,False,en
1998,671879137494245376,597,1292,False,en
1999,671874878652489728,500,1144,False,en
2000,671866342182637568,438,1030,False,en
2001,671855973984772097,391,820,False,en
2002,671789708968640512,3111,6495,False,en
2003,671768281401958400,446,1086,False,en
2004,671763349865160704,811,1529,False,en
2005,671744970634719232,693,1244,False,en
2006,671743150407421952,212,690,False,en
2007,671735591348891648,679,1324,False,en
2008,671729906628341761,3918,7745,False,en
2009,671561002136281088,6520,11701,False,en
2010,671550332464455680,189,832,False,en
2011,671547767500775424,524,1235,False,en
2012,671544874165002241,924,1789,False,en
2013,671542985629241344,506,989,False,en
2014,671538301157904385,346,851,False,en
2015,671536543010570240,366,1076,False,en
2016,671533943490011136,519,921,False,en
2017,671528761649688577,231,769,False,en
2018,671520732782923777,473,1263,False,en
2019,671518598289059840,264,861,False,en
2020,671511350426865664,625,1459,False,en
2021,671504605491109889,3231,6399,False,en
2022,671497587707535361,410,846,False,en
2023,671488513339211776,434,913,False,en
2024,671486386088865792,178,527,False,en
2025,671485057807351808,211,699,False,en
2026,671390180817915904,675,1313,False,en
2027,671362598324076544,268,1015,False,en
2028,671357843010908160,141,362,False,en
2029,671355857343524864,109,442,False,en
2030,671347597085433856,381,869,False,en
2031,671186162933985280,187,660,False,en
2032,671182547775299584,298,1008,False,en
2033,671166507850801152,310,796,False,en
2034,671163268581498880,997,1497,False,en
2035,671159727754231808,72,323,False,en
2036,671154572044468225,197,641,False,en
2037,671151324042559489,137,598,False,en
2038,671147085991960577,199,599,False,en
2039,671141549288370177,589,1052,False,en
2040,671138694582165504,360,839,False,en
2041,671134062904504320,170,670,False,en
2042,671122204919246848,2264,3167,False,en
2043,671115716440031232,699,1248,False,en
2044,671109016219725825,393,1041,False,en
2045,670995969505435648,258,997,False,en
2046,670842764863651840,7800,22625,False,en
2047,670840546554966016,171,533,False,en
2048,670838202509447168,615,1012,False,en
2049,670833812859932673,113,389,False,en
2050,670832455012716544,192,664,False,en
2051,670826280409919488,3626,5021,False,en
2052,670823764196741120,167,698,False,en
2053,670822709593571328,87,554,False,en
2054,670815497391357952,1375,2878,False,en
2055,670811965569282048,241,1024,False,en
2056,670807719151067136,443,1070,False,en
2057,670804601705242624,855,1790,False,en
2058,670803562457407488,81,312,False,en
2059,670797304698376195,211,675,False,en
2060,670792680469889025,244,754,False,en
2061,670789397210615808,215,599,False,en
2062,670786190031921152,180,547,False,en
2063,670783437142401025,344,758,False,en
2064,670782429121134593,692,1404,False,en
2065,670780561024270336,260,724,False,en
2066,670778058496974848,65,306,False,en
2067,670764103623966721,385,991,False,en
2068,670755717859713024,95,400,False,en
2069,670733412878163972,463,878,False,en
2070,670727704916926465,323,759,False,en
2071,670717338665226240,433,1088,False,en
2072,670704688707301377,333,709,False,en
2073,670691627984359425,218,535,False,en
2074,670679630144274432,252,680,False,en
2075,670676092097810432,37,223,False,en
2076,670668383499735048,4468,9722,False,en
2077,670474236058800128,662,1380,False,en
2078,670468609693655041,80,327,False,en
2079,670465786746662913,491,887,False,en
2080,670452855871037440,181,501,False,en
2081,670449342516494336,581,1102,False,en
2082,670444955656130560,1786,6195,False,en
2083,670442337873600512,182,589,False,en
2084,670435821946826752,458,967,False,en
2085,670434127938719744,580,1293,False,en
2086,670433248821026816,102,302,False,en
2087,670428280563085312,551,1275,False,en
2088,670427002554466305,146,478,False,en
2089,670421925039075328,574,1186,False,en
2090,670420569653809152,279,560,False,en
2091,670417414769758208,292,516,False,en
2092,670411370698022913,803,1845,False,en
2093,670408998013820928,197,500,False,en
2094,670403879788544000,136,390,False,en
2095,670385711116361728,184,510,False,en
2096,670374371102445568,247,686,False,en
2097,670361874861563904,59,297,False,en
2098,670338931251150849,100,392,False,en
2099,670319130621435904,1102,3560,False,en
2100,670303360680108032,116,399,False,en
2101,670290420111441920,259,639,False,en
2102,670093938074779648,297,942,False,en
2103,670086499208155136,226,635,False,en
2104,670079681849372674,1093,2019,False,en
2105,670073503555706880,701,1420,False,en
2106,670069087419133954,213,568,False,en
2107,670061506722140161,300,686,False,en
2108,670055038660800512,291,607,False,en
2109,670046952931721218,159,588,False,en
2110,670040295598354432,101,683,False,en
2111,670037189829525505,248,537,False,en
2112,670003130994700288,83,301,False,en
2113,669993076832759809,74,297,False,en
2114,669972011175813120,138,406,False,en
2115,669970042633789440,49,278,False,en
2116,669942763794931712,143,458,False,en
2117,669926384437997569,87,348,False,en
2118,669923323644657664,53,212,False,en
2119,669753178989142016,354,731,False,en
2120,669749430875258880,60,232,False,en
2121,669684865554620416,78,460,False,en
2122,669683899023405056,98,346,False,en
2123,669682095984410625,123,319,False,en
2124,669680153564442624,257,608,False,en
2125,669661792646373376,381,733,False,en
2126,669625907762618368,1625,3216,False,en
2127,669603084620980224,327,871,False,en
2128,669597912108789760,137,464,False,en
2129,669583744538451968,834,1359,False,en
2130,669573570759163904,125,397,False,en
2131,669571471778410496,916,1452,False,en
2132,669567591774625800,47,213,False,en
2133,669564461267722241,108,355,False,en
2134,669393256313184256,65,324,False,en
2135,669375718304980992,650,1211,False,en
2136,669371483794317312,155,446,False,en
2137,669367896104181761,137,414,False,en
2138,669363888236994561,207,567,False,en
2139,669359674819481600,109,340,False,en
2140,669354382627049472,1135,2460,False,en
2141,669353438988365824,234,576,False,en
2142,669351434509529089,166,396,False,en
2143,669328503091937280,380,930,False,en
2144,669327207240699904,111,522,False,en
2145,669324657376567296,190,450,False,en
2146,669216679721873412,361,1089,False,en
2147,669214165781868544,142,396,False,en
2148,669203728096960512,418,914,False,en
2149,669037058363662336,278,593,False,en
2150,669015743032369152,332,673,False,en
2151,669006782128353280,217,527,False,en
2152,669000397445533696,5686,19133,False,en
2153,668994913074286592,201,394,False,en
2154,668992363537309700,304,670,False,en
2155,668989615043424256,299,610,False,en
2156,668988183816871936,408,823,False,en
2157,668986018524233728,147,499,False,en
2158,668981893510119424,271,496,False,en
2159,668979806671884288,307,726,False,en
2160,668975677807423489,519,1179,False,en
2161,668967877119254528,20,131,False,tl
2162,668960084974809088,220,640,False,en
2163,668955713004314625,65,249,False,en
2164,668932921458302977,53,231,False,en
2165,668902994700836864,90,289,False,en
2166,668892474547511297,132,365,False,en
2167,668872652652679168,274,488,False,en
2168,668852170888998912,145,417,False,en
2169,668826086256599040,118,389,False,en
2170,668815180734689280,233,509,False,en
2171,668779399630725120,335,652,False,en
2172,668655139528511488,196,485,False,en
2173,668645506898350081,471,801,False,en
2174,668643542311546881,463,805,False,en
2175,668641109086707712,482,972,False,en
2176,668636665813057536,447,945,False,en
2177,668633411083464705,1427,2544,False,en
2178,668631377374486528,287,646,False,en
2179,668627278264475648,100,289,False,en
2180,668625577880875008,114,347,False,en
2181,668623201287675904,670,1283,False,en
2182,668620235289837568,36,187,False,en
2183,668614819948453888,284,563,False,en
2184,668587383441514497,965,1532,False,en
2185,668567822092664832,49,216,False,en
2186,668544745690562560,203,465,False,en
2187,668542336805281792,188,413,False,en
2188,668537837512433665,63,231,False,en
2189,668528771708952576,198,422,False,en
2190,668507509523615744,92,294,False,en
2191,668496999348633600,118,370,False,en
2192,668484198282485761,214,382,False,en
2193,668480044826800133,131,413,False,en
2194,668466899341221888,459,803,False,en
2195,668297328638447616,263,572,False,en
2196,668291999406125056,29,222,False,en
2197,668286279830867968,124,456,False,en
2198,668274247790391296,208,749,False,en
2199,668268907921326080,210,501,False,en
2200,668256321989451776,537,1183,False,en
2201,668248472370458624,418,866,False,en
2202,668237644992782336,2526,5617,False,en
2203,668226093875376128,90,263,False,en
2204,668221241640230912,176,463,False,en
2205,668204964695683073,177,509,False,en
2206,668190681446379520,179,592,False,en
2207,668171859951755264,165,441,False,en
2208,668154635664932864,282,456,False,en
2209,668142349051129856,251,527,False,en
2210,668113020489474048,212,607,False,en
2211,667937095915278337,716,1133,False,en
2212,667924896115245057,97,270,False,en
2213,667915453470232577,49,191,False,en
2214,667911425562669056,260,444,False,en
2215,667902449697558528,347,783,False,en
2216,667886921285246976,951,1692,False,en
2217,667885044254572545,416,752,False,en
2218,667878741721415682,106,360,False,en
2219,667873844930215936,364,570,False,en
2220,667866724293877760,926,2778,False,en
2221,667861340749471744,73,226,False,en
2222,667832474953625600,56,266,False,en
2223,667806454573760512,442,956,False,en
2224,667801013445750784,83,292,False,en
2225,667793409583771648,301,632,False,en
2226,667782464991965184,220,372,False,en
2227,667773195014021121,46,212,False,en
2228,667766675769573376,195,389,False,en
2229,667728196545200128,134,336,False,en
2230,667724302356258817,283,438,False,en
2231,667550904950915073,29,0,False,en
2232,667550882905632768,26,0,False,ro
2233,667549055577362432,2013,5237,False,en
2234,667546741521195010,113,311,False,en
2235,667544320556335104,478,782,False,en
2236,667538891197542400,59,186,False,en
2237,667534815156183040,470,738,False,en
2238,667530908589760512,216,424,False,en
2239,667524857454854144,1003,1541,False,en
2240,667517642048163840,174,339,False,en
2241,667509364010450944,1903,6215,False,en
2242,667502640335572993,198,496,False,en
2243,667495797102141441,238,474,False,en
2244,667491009379606528,199,468,False,en
2245,667470559035432960,87,230,False,en
2246,667455448082227200,55,177,False,en
2247,667453023279554560,78,287,False,en
2248,667443425659232256,513,699,False,en
2249,667437278097252352,211,409,False,en
2250,667435689202614272,79,278,False,nl
2251,667405339315146752,200,424,False,en
2252,667393430834667520,51,174,False,en
2253,667369227918143488,149,334,False,en
2254,667211855547486208,219,442,False,en
2255,667200525029539841,236,564,False,en
2256,667192066997374976,87,343,False,et
2257,667188689915760640,347,665,False,en
2258,667182792070062081,5449,12904,False,en
2259,667177989038297088,50,173,False,en
2260,667176164155375616,404,544,False,en
2261,667174963120574464,70,224,False,en
2262,667171260800061440,73,195,False,en
2263,667165590075940865,1010,2433,False,en
2264,667160273090932737,54,229,False,en
2265,667152164079423490,15026,43316,False,en
2266,667138269671505920,1942,4124,False,en
2267,667119796878725120,114,296,False,en
2268,667090893657276420,110,300,False,en
2269,667073648344346624,106,363,False,en
2270,667070482143944705,13,74,False,en
2271,667065535570550784,40,148,False,en
2272,667062181243039745,46,198,False,en
2273,667044094246576128,44,168,False,en
2274,667012601033924608,195,405,False,en
2275,666996132027977728,80,220,False,en
2276,666983947667116034,868,2307,False,en
2277,666837028449972224,485,726,False,en
2278,666835007768551424,69,189,False,en
2279,666826780179869698,81,231,False,en
2280,666817836334096384,223,458,False,en
2281,666804364988780544,79,210,False,en
2282,666786068205871104,425,676,False,en
2283,666781792255496192,171,341,False,en
2284,666776908487630848,151,310,False,en
2285,666739327293083650,60,212,False,en
2286,666701168228331520,190,383,False,en
2287,666691418707132416,43,166,False,en
2288,666649482315059201,550,1012,False,en
2289,666644823164719104,72,213,False,en
2290,666454714377183233,188,458,False,en
2291,666447344410484738,19,93,False,en
2292,666437273139982337,41,108,False,en
2293,666435652385423360,44,144,False,en
2294,666430724426358785,168,283,False,en
2295,666428276349472768,67,144,False,en
2296,666421158376562688,95,284,False,en
2297,666418789513326592,39,109,False,en
2298,666411507551481857,278,383,False,en
2299,666407126856765440,30,97,False,en
2300,666396247373291520,72,150,False,en
2301,666373753744588802,75,166,False,en
2302,666362758909284353,484,676,False,en
2303,666353288456101888,62,187,False,en
2304,666345417576210432,128,259,False,en
2305,666337882303524864,80,171,False,en
2306,666293911632134144,301,442,False,en
2307,666287406224695296,57,127,False,en
2308,666273097616637952,69,154,False,en
2309,666268910803644416,32,91,False,en
2310,666104133288665088,5627,12943,False,en
2311,666102155909144576,11,67,False,en
2312,666099513787052032,55,137,False,en
2313,666094000022159362,65,148,False,en
2314,666082916733198337,39,97,False,en
2315,666073100786774016,136,277,False,en
2316,666071193221509120,51,131,False,en
2317,666063827256086533,185,418,False,en
2318,666058600524156928,49,103,False,en
2319,666057090499244032,114,258,False,en
2320,666055525042405380,204,388,False,en
2321,666051853826850816,729,1061,False,en
2322,666050758794694657,51,119,False,en
2323,666049248165822465,37,92,False,en
2324,666044226329800704,118,253,False,en
2325,666033412701032449,37,103,False,en
2326,666029285002620928,40,116,False,en
2327,666020888022790149,436,2325,False,en
